"DaoTest\src\de\greenrobot\daotest\entity\StringKeyValueEntityTest.java","Tests"
"DaoTest\src\de\greenrobot\daotest\entity\DateEntityTest.java","Tests"
"DaoGenerator\src-template\dao-unit-test.ftl","Resources"
"DaoTestGenerator\build.gradle","Configuration"
"DaoTest\src\main\java\de\greenrobot\daotest\StringKeyValueEntity.java","Tests"
"tests\DaoTestBase\src\main\java\org\greenrobot\greendao\daotest2\KeepEntity.java","Tests"
"DaoTestBase\src\main\java\org\greenrobot\greendao\daotest\SimpleEntity.java","Tests"
"DaoTest\src-gen\de\greenrobot\dao\test\AbcdefEntityDao.java","Tests"
"DaoTest\src\androidTest\java\de\greenrobot\daotest\entity\SqliteMasterTest.java","Tests"
"DaoCore\src\de\greenrobot\dao\query\Query.java","Source Code"
"PerformanceTests\Parse\src\main\AndroidManifest.xml","Configuration"
"DaoTest\src\androidTest\java\de\greenrobot\daotest\performance\target\LongHashMapJDBM.java","Tests"
"DaoTest\src\main\java\de\greenrobot\daotest\ToManyEntityDao.java","Tests"
"DaoCore\src\de\greenrobot\dao\PropertyConverter.java","Source Code"
"DaoTest\src\androidTest\java\org\greenrobot\greendao\daotest\IndexTest.java","Tests"
"DaoExample\src\main\java\org\greenrobot\greendao\example\App.java","Source Code"
"tests\DaoTestEntityAnnotation\src\androidTest\Java\org\greenrobot\greendao\test\entityannotation\NoteTest.java","Tests"
"PerformanceTests\OrmLite\src\androidTest\java\de\greenrobot\performance\ormlite\SimpleEntityNotNull.java","Tests"
"greendao-annotations\src\main\java\org\greenrobot\greendao\annotation\Keep.java","Source Code"
"DaoTest\assets\minimal-entity.sql","Resources"
"DaoTest\src\androidTest\java\org\greenrobot\greendao\daotest\rx\RxQueryTest.java","Tests"
"greendao-annotations\src\main\java\org\greenrobot\greendao\annotation\Unique.java","Source Code"
"DaoTest\src\androidTest\java\de\greenrobot\daotest\query\QueryBuilderAndOrTest.java","Tests"
"tests\DaoTestBase\src\main\java\org\greenrobot\greendao\daotest\customtype\MyTimestampConverter.java","Tests"
"DaoTest\src-unit-test\de\greenrobot\dao\unittest\DaoSession.java","Tests"
"DaoTest\src\androidTest\java\org\greenrobot\greendao\daotest\query\DeleteQueryTest.java","Tests"
"DaoTest\src\de\greenrobot\daotest\DateEntityTest.java","Tests"
"DaoCore\src\main\java\org\greenrobot\greendao\annotations\Entity.java","Source Code"
"CHANGELOG.md","Documentation"
"DaoBase\.classpath","Configuration"
"DaoTest\src\main\java\de\greenrobot\daotest\AnActiveEntity.java","Tests"
"PerformanceTests\ActiveAndroid\src\androidTest\java\de\greenrobot\performance\activeandroid\IndexedStringEntity.java","Tests"
"tests\DaoTestEntityAnnotation\proguard.cfg","Configuration"
"DaoTest\src\de\greenrobot\dao\test\DaoSessionTest.java","Tests"
"DaoTest\src\androidTest\java\de\greenrobot\daotest\contentprovider\SimpleEntityContentProviderTest.java","Tests"
"DaoTest\src\main\java\de\greenrobot\daotest\ToManyTargetEntity.java","Tests"
"DaoTest\src\de\greenrobot\daotest\entity\TestEntityTestIdentityScope.java","Tests"
"DaoCore\project.properties","Configuration"
"DaoCore\src\main\Java\de\greenrobot\dao\query\AbstractQueryWithLimit.java","Source Code"
"DaoTest\src\androidTest\java\de\greenrobot\daotest\query\RawQueryTest.java","Tests"
"tests\DaoTestBase\src\main\java\org\greenrobot\greendao\daotest\AutoincrementEntityDao.java","Tests"
"DaoExample\src\main\res\values\colors.xml","Resources"
"DaoCore\src\main\java\de\greenrobot\dao\AbstractDaoSession.java","Source Code"
"tests\DaoTestBase\src\main\java\org\greenrobot\greendao\daotest\customtype\IntegerListConverter.java","Tests"
"examples\DaoExample\src\main\res\values\strings.xml","Resources"
"PerformanceTestRealm\build.gradle","Configuration"
"PerformanceTestOrmLite\src\de\greenrobot\performance\ormlite\SimpleEntityNotNullHelper.java","Tests"
"PerformanceTestOrmLite\.classpath","Configuration"
"PerformanceTests\OrmLite\src\androidTest\java\de\greenrobot\performance\ormlite\DbHelper.java","Tests"
"DaoTestBase\src\main\java\org\greenrobot\greendao\daotest\TreeEntityDao.java","Tests"
"DaoCore\src\main\java\org\greenrobot\greendao\rx\RxQuery.java","Source Code"
"PerformanceTestOrmLite\src\de\greenrobot\performance\ormlite\DbHelper.java","Tests"
"DaoBase\src\de\greenrobot\dao\IdentityScope.java","Source Code"
"DaoTest\src\main\java\de\greenrobot\daotest2\dao\DaoMaster.java","Tests"
"DaoTest\src\androidTest\java\org\greenrobot\greendao\daotest\entity\StringKeyValueEntityTest.java","Tests"
"DaoCore\src\de\greenrobot\dao\AbstractDaoSession.java","Source Code"
"DaoTestPerformance\src\androidTest\java\org\greenrobot\greendao\performance\PerformanceTestNotNullIdentityScope.java","Tests"
"DaoTestBase\src\main\java\org\greenrobot\greendao\daotest\IndexedStringEntity.java","Tests"
"DaoCore\src\main\Java\de\greenrobot\dao\internal\LongHashMap.java","Source Code"
"DaoGenerator\src-template\encryption\dao-deep.ftl","Resources"
"DaoTestBase\src\main\java\de\greenrobot\daotest\DateEntityDao.java","Tests"
"DaoCore\src\main\java\de\greenrobot\dao\database\AndroidSQLiteStatement.java","Source Code"
"DaoBase\src\de\greenrobot\dao\FastCursor.java","Source Code"
"PerformanceTests\Parse\src\main\res\values\styles.xml","Resources"
"DaoCore\src\main\java\de\greenrobot\dao\database\EncryptedDatabaseOpenHelper.java","Source Code"
"tests\DaoTest\src\androidTest\java\org\greenrobot\greendao\daotest\entity\JoinManyToDateEntityTest.java","Tests"
"DaoCore\src\de\greenrobot\dao\WhereCondition.java","Source Code"
"DaoTestPerformance\src\androidTest\java\org\greenrobot\greendao\performance\LoockupPerformanceTest.java","Tests"
"DaoTestBase\src\main\java\org\greenrobot\greendao\daotest\TestInterface.java","Tests"
"DaoCore\src\main\java\org\greenrobot\greendao\annotation\ToMany.java","Source Code"
"DaoTestPerformance\src\androidTest\java\org\greenrobot\greendao\performance\StringGenerator.java","Tests"
"DaoExample\lib\greenDAO-javadoc.jar","Configuration"
"DaoTest\src-gen\de\greenrobot\daotest\SqliteMaster.java","Tests"
"DaoTest\src\androidTest\java\de\greenrobot\daotest\performance\IndexedStringPerformanceTest.java","Tests"
"DaoTest\project.properties","Configuration"
"DaoCore\src\main\java\org\greenrobot\greendao\InternalUnitTestDaoAccess.java","Source Code"
"tests\DaoTestBase\src\main\java\org\greenrobot\greendao\daotest\CustomTypeEntityDao.java","Tests"
"PerformanceTests\Sqlite\src\main\AndroidManifest.xml","Configuration"
"DaoTest\src\de\greenrobot\daotest\query\QueryForThreadTest.java","Tests"
"tests\DaoTestBase\src\main\java\org\greenrobot\greendao\daotest\CustomTypeEntity.java","Tests"
"DaoCore\NOTICE","Documentation"
"PerformanceTestOrmLite\proguard.cfg","Configuration"
"DaoCore\src\main\java\org\greenrobot\greendao\database\StandardDatabase.java","Source Code"
"DaoGenerator\.settings\org.eclipse.jdt.groovy.core.prefs","Configuration"
"DaoTest\src-gen\de\greenrobot\daotest\DateEntityDao.java","Tests"
"PerformanceTests\Cupboard\src\androidTest\java\de\greenrobot\performance\cupboard\PerformanceTestCupboard.java","Tests"
"PerformanceTests\Parse\src\main\res\values\strings.xml","Resources"
"tests\DaoTest\src\androidTest\java\org\greenrobot\greendao\daotest\entity\SqliteMasterTest.java","Tests"
"DaoTest\src\de\greenrobot\daotest\query\CountQueryThreadLocalTest.java","Tests"
"DaoTest\src-gen\de\greenrobot\testdao\TestEntitySimple.java","Tests"
"DaoTest\src-gen\de\greenrobot\daotest\AutoincrementEntityDao.java","Tests"
"DaoTest\src\de\greenrobot\daotest\query\QueryBuilderAndOrTest.java","Tests"
"DaoTestBase\src\main\java\org\greenrobot\greendao\daotest\TestEntityDao.java","Tests"
"DaoTest\src\androidTest\java\org\greenrobot\greendao\daotest\query\QueryBuilderOrderTest.java","Tests"
"DaoCore\src\de\greenrobot\dao\test\AbstractDaoTestStringPk.java","Tests"
"DaoBase\src\de\greenrobot\dao\SqlUtils.java","Source Code"
"DaoCore\src\main\java\de\greenrobot\dao\AbstractDaoMaster.java","Source Code"
"DaoCore\src\main\java\org\greenrobot\greendao\annotation\NotNull.java","Source Code"
"DaoTest\src-gen\de\greenrobot\testdao\TestEntitySimpleDaoTest.java","Tests"
"DaoExample\src-gen\de\greenrobot\daoexample\DaoMaster.java","Source Code"
"DaoCore\src\main\Java\de\greenrobot\dao\internal\SqlUtils.java","Source Code"
"DaoTest\src\main\java\de\greenrobot\daotest\ToManyEntity.java","Tests"
"DaoTest\src\androidTest\java\de\greenrobot\daotest\DaoSessionTest.java","Tests"
"tests\DaoTest\src\androidTest\java\org\greenrobot\greendao\daotest\entity\TestEntityTest.java","Tests"
"DaoTest\src\androidTest\java\de\greenrobot\daotest\async\MergeTxAsyncTest.java","Tests"
"DaoCore\src\main\java\org\greenrobot\greendao\async\AsyncDaoException.java","Source Code"
"tests\DaoTestBase\src\main\java\org\greenrobot\greendao\daotest\SpecialNamesEntity.java","Tests"
"DaoCore\src\main\java\org\greenrobot\greendao\query\AbstractQuery.java","Source Code"
"tests\DaoTest\src\androidTest\java\org\greenrobot\greendao\daotest\contentprovider\SimpleEntityContentProviderTest.java","Tests"
"DaoCore\src\main\Java\de\greenrobot\dao\query\WhereCondition.java","Source Code"
"DaoTest\src-gen\de\greenrobot\daotest\TestEntityDao.java","Tests"
"DaoTest\src\de\greenrobot\dao\test\RelationEntityTest.java","Tests"
"DaoTest\src\de\greenrobot\daotest\performance\StringGenerator.java","Tests"
"greendao-annotations\src\main\java\org\greenrobot\greendao\annotation\ToOne.java","Source Code"
"DaoTest\src\androidTest\java\de\greenrobot\daotest\query\QueryBuilderSimpleTest.java","Tests"
"DaoTest\src-gen\de\greenrobot\dao\test\DaoMaster.java","Tests"
"DaoTestPerformance\src\main\AndroidManifest.xml","Configuration"
"DaoTest\src\de\greenrobot\daotest\performance\target\LongHashMapAmarena2DZechner.java","Tests"
"DaoCore\src\de\greenrobot\dao\IdentityScope.java","Source Code"
"DaoCore\src\main\java\org\greenrobot\greendao\annotations\Id.java","Source Code"
"DaoCore\src\de\greenrobot\dao\AsyncOperation.java","Source Code"
"DaoTest\src\androidTest\java\de\greenrobot\daotest\query\QuerySpecialNamesTest.java","Tests"
"DaoTestBase\src\main\java\de\greenrobot\daotest\customtype\IntegerListConverter.java","Tests"
"DaoTestBase\src\main\java\de\greenrobot\daotest2\specialentity\RelationSource2.java","Tests"
"DaoCore\src\main\java\de\greenrobot\dao\internal\LongHashMap.java","Source Code"
"PerformanceTestActiveAndroid\src\androidTest\java\de\greenrobot\performance\activeandroid\PerformanceTestActiveAndroid.java","Tests"
"DaoTest\src\androidTest\java\org\greenrobot\greendao\daotest\entity\TestEntityTestBase.java","Tests"
"PerformanceTests\OrmLite\src\androidTest\java\de\greenrobot\performance\ormlite\PerformanceTestOrmLite.java","Tests"
"tests\DaoTestPerformance\build.gradle","Configuration"
"DaoTest\src\main\java\de\greenrobot\daotest\AbcdefEntity.java","Tests"
"tests\DaoTestBase\src\main\java\org\greenrobot\greendao\daotest\ExtendsImplementsEntityDao.java","Tests"
"DaoTest\src\main\java\de\greenrobot\daotest\SimpleEntity.java","Tests"
"examples\DaoExample\src\main\res\mipmap-xhdpi\ic_launcher.png","Resources"
"DaoTest\src-gen\de\greenrobot\daotest\SqliteMasterDao.java","Tests"
"DaoTest\src\androidTest\java\de\greenrobot\daotest\entity\CustomTypeEntityTest.java","Tests"
"DaoExample\src\main\res\drawable-mdpi\icon.png","Resources"
"DaoBase\AndroidManifest.xml","Configuration"
"DaoCore\src\de\greenrobot\dao\internal\FastCursor.java","Source Code"
"DaoCore\src\de\greenrobot\dao\test\AbstractDaoTestSinglePk.java","Tests"
"DaoCore\src\de\greenrobot\dao\database\SQLCipherDatabase.java","Source Code"
"DaoCore\src\de\greenrobot\dao\database\DatabaseStatement.java","Source Code"
"DaoExample\src\main\res\values\dimens.xml","Resources"
"gradle\wrapper\gradle-wrapper.jar","Configuration"
"DaoGenerator\src-test\de\greenrobot\daogenerator\test\SimpleDaoGeneratorTest.java","Tests"
"DaoGenerator\src\org\greenrobot\greendao\generator\ToMany.java","Source Code"
"DaoTestBase\src\main\java\de\greenrobot\daotest\SimpleEntityNotNullDao.java","Tests"
"tests\DaoTest\src\androidTest\java\org\greenrobot\greendao\daotest\query\QuerySpecialNamesTest.java","Tests"
"PerformanceTestOrmLite\lib\ormlite-core-4.24-sources.jar","Configuration"
"DaoTest\src\main\java\de\greenrobot\daotest\TreeEntity.java","Tests"
"DaoTest\src\androidTest\java\org\greenrobot\greendao\daotest\entity\SimpleEntityNotNullTest.java","Tests"
"DaoTest\src\main\java\de\greenrobot\daotest\AbcdefEntityDao.java","Tests"
"DaoTest\src-gen\de\greenrobot\testdao\SimpleEntityNotNullDao.java","Tests"
"DaoExampleGenerator\.settings\org.eclipse.jdt.groovy.core.prefs","Configuration"
"greendao-annotations\src\main\java\org\greenrobot\greendao\annotation\Generated.java","Source Code"
"greendao-api\src\main\java\org\greenrobot\greendao\annotation\apihint\Internal.java","Source Code"
"DaoCore\src\main\Java\de\greenrobot\dao\query\AbstractQuery.java","Source Code"
"tests\DaoTestPerformance\src\androidTest\java\org\greenrobot\greendao\performance\PerformanceTestNotNull.java","Tests"
"DaoCore\src\main\Java\de\greenrobot\dao\async\AsyncOperation.java","Source Code"
"DaoTestPerformance\src\androidTest\java\de\greenrobot\daotest\performance\PerformanceTest.java","Tests"
"DaoTestBase\src\main\java\de\greenrobot\daotest\StringKeyValueEntityDao.java","Tests"
"DaoTestBase\src\main\java\org\greenrobot\greendao\daotest\customtype\MyTimestampConverter.java","Tests"
"DaoCore\src\main\java\de\greenrobot\dao\identityscope\IdentityScope.java","Source Code"
"DaoTest\src-gen\de\greenrobot\dao\test\AbcdefEntity.java","Tests"
"DaoGenerator\src-template\standard\dao-master.ftl","Resources"
"greendao-annotations\src\main\java\org\greenrobot\greendao\annotation\Entity.java","Source Code"
"DaoTest\src\de\greenrobot\daotest\LongHashMapTest.java","Tests"
"DaoTest\src\androidTest\java\de\greenrobot\daotest\query\CountQueryThreadLocalTest.java","Tests"
"DaoExample\default.properties","Configuration"
"DaoTest\src\androidTest\java\de\greenrobot\daotest\performance\PerformanceTestNotNullIdentityScope.java","Tests"
"DaoTestBase\src\main\java\de\greenrobot\daotest\DaoSession.java","Tests"
"DaoTest\src\androidTest\java\org\greenrobot\greendao\daotest\entity\RelationEntityTestIdentityScope.java","Tests"
"DaoGenerator\java-formater.xml","Configuration"
"PerformanceTests\Parse\src\main\java\de\greenrobot\performance\parse\DaoLog.java","Tests"
"DaoCore\src\main\java\de\greenrobot\dao\async\AsyncSession.java","Source Code"
"tests\DaoTestEntityAnnotation\src\main\java\org\greenrobot\greendao\entityannotation\Note.java","Tests"
"DaoCore\src\main\java\de\greenrobot\dao\query\DeleteQuery.java","Source Code"
"DaoTest\src\de\greenrobot\dao\test\QueryBuilderAndOrTest.java","Tests"
"DaoTest\src\de\greenrobot\daotest\customtype\MyTimestamp.java","Tests"
"DaoTest\src\de\greenrobot\daotest\performance\IndexedStringPerformanceTest.java","Tests"
"DaoGenerator\src-template\standard\entity.ftl","Resources"
"DaoExample\src\main\java\de\greenrobot\daoexample\DaoSession.java","Tests"
"tests\DaoTestBase\src\main\java\org\greenrobot\greendao\daotest\SimpleEntityNotNullDao.java","Tests"
"DaoTestBase\src\main\java\de\greenrobot\daotest2\specialdao\RelationSource2Dao.java","Tests"
"DaoTest\src\main\java\de\greenrobot\daotest2\ToManyTarget2.java","Tests"
"DaoBase\src\de\greenrobot\dao\CloseableListIterator.java","Source Code"
"DaoTest\src\test\java\de\greenrobot\dao\unittest\MinimalEntity.java","Tests"
"DaoTest\src-gen\de\greenrobot\testdao\DaoMaster.java","Tests"
"DaoCore\src\de\greenrobot\dao\database\AndroidSQLiteStatement.java","Source Code"
"DaoTest\default.properties","Configuration"
"DaoTestBase\src\main\java\org\greenrobot\greendao\daotest\customtype\IntegerListConverter.java","Tests"
"DaoTest\src\test\java\org\greenrobot\greendao\unittest\DaoSession.java","Tests"
"tests\DaoTestBase\src\main\java\org\greenrobot\greendao\daotest\SqliteMasterDao.java","Tests"
"DaoCore\LICENSE","Documentation"
"DaoCore\src\main\java\org\greenrobot\greendao\rx\RxDao.java","Source Code"
"gradle.properties","Configuration"
"DaoTest\src\androidTest\java\de\greenrobot\daotest\entity\ToManyEntityTest.java","Tests"
"DaoCore\.settings\org.eclipse.jdt.core.prefs","Configuration"
"DaoCore\src\main\Java\de\greenrobot\dao\identityscope\IdentityScopeObject.java","Source Code"
"examples\DaoExample\src\main\AndroidManifest.xml","Configuration"
"DaoCore\src\main\Java\de\greenrobot\dao\query\CountQuery.java","Source Code"
"DaoTestBase\src\main\java\org\greenrobot\greendao\daotest\AutoincrementEntity.java","Tests"
"images\objectbox-logo.png","Resources"
"DaoTest\src\main\java\de\greenrobot\daotest\ExtendsImplementsEntityDao.java","Tests"
"DaoTest\src\androidTest\java\de\greenrobot\encryption\EncryptedDbUtils.java","Tests"
"tests\DaoTest\src\androidTest\java\org\greenrobot\greendao\daotest\entity\AnActiveEntityTest.java","Tests"
"DaoExample\src\main\res\values\strings.xml","Resources"
"DaoCore\src\main\Java\de\greenrobot\dao\query\Query.java","Source Code"
"PerformanceTests\Sqlite\src\androidTest\java\de\greenrobot\performance\sqlite\SimpleEntityNotNullHelper.java","Tests"
"DaoCore\src\de\greenrobot\dao\query\AbstractQueryWithLimit.java","Source Code"
"DaoCore\src\main\java\org\greenrobot\greendao\annotation\JoinOn.java","Source Code"
"DaoTest\src\main\AndroidManifest.xml","Configuration"
"DaoCore\src\main\java\org\greenrobot\greendao\query\AbstractQueryWithLimit.java","Source Code"
"DaoTestBase\src\main\java\org\greenrobot\greendao\daotest\AbcdefEntity.java","Tests"
"tests\DaoTest\src\androidTest\java\org\greenrobot\greendao\daotest\DeadlockPreventionTest.java","Tests"
"tests\DaoTest\src\main\AndroidManifest.xml","Configuration"
"DaoTest\src\androidTest\java\org\greenrobot\greendao\daotest\entity\AnActiveEntityTest.java","Tests"
"DaoCore\src\main\java\org\greenrobot\greendao\annotations\Column.java","Source Code"
"DaoCore\src\main\java\org\greenrobot\greendao\query\WhereCondition.java","Source Code"
"tests\DaoTestBase\src\main\java\org\greenrobot\greendao\daotest\AnActiveEntityDao.java","Tests"
"DaoGenerator\src\de\greenrobot\daogenerator\DaoGenerator.java","Source Code"
"DaoTest\src\main\java\de\greenrobot\daotest2\specialdao\RelationSource2Dao.java","Tests"
"DaoTest\src\androidTest\java\org\greenrobot\greendao\daotest\entity\AutoincrementEntityTest.java","Tests"
"PerformanceTests\ActiveAndroid\src\androidTest\java\de\greenrobot\performance\activeandroid\PerformanceTestActiveAndroid.java","Tests"
"DaoCore\src\main\java\de\greenrobot\dao\query\CloseableListIterator.java","Source Code"
"DaoCore\src\de\greenrobot\dao\AbstractDao.java","Source Code"
"DaoTest\src-gen\de\greenrobot\daotest\ToManyEntity.java","Tests"
"greendao-annotations\src\main\java\org\greenrobot\greendao\annotation\ToMany.java","Source Code"
"DaoTest\src-gen\de\greenrobot\daotest2\ToManyTarget2.java","Tests"
"DaoTestBase\src\main\java\org\greenrobot\greendao\daotest\SpecialNamesEntity.java","Tests"
"DaoExampleGenerator\src\de\greenrobot\daogenerator\gentest\ExampleDaoGenerator.java","Tests"
"PerformanceTestRealm\src\androidTest\java\de\greenrobot\performance\realm\PerformanceTestRealm.java","Tests"
"DaoExample\src\main\java\org\greenrobot\greendao\example\NoteType.java","Source Code"
"DaoTestPerformance\src\androidTest\java\org\greenrobot\greendao\performance\Benchmark.java","Tests"
"DaoExampleGenerator\lib\greenDAO-generator-javadoc.jar","Configuration"
"DaoTest\src\androidTest\java\de\greenrobot\daotest\query\LazyListTest.java","Tests"
"tests\DaoTest\src\androidTest\java\org\greenrobot\greendao\daotest\entity\TransactionTest.java","Tests"
"DaoTest\src\androidTest\java\de\greenrobot\daotest\query\DeleteQueryTest.java","Tests"
"DaoCore\src\main\java\de\greenrobot\dao\test\AbstractDaoTestSinglePk.java","Tests"
"tests\DaoTestEntityAnnotation\src\main\java\org\greenrobot\greendao\entityannotation\NoteTypeConverter.java","Tests"
"greendao-annotations\build.gradle","Configuration"
"DaoExample\src\main\java\org\greenrobot\greendao\example\NotesAdapter.java","Source Code"
"DaoTestBase\src\main\java\org\greenrobot\greendao\daotest\SpecialNamesEntityDao.java","Tests"
"DaoCore\src\main\Java\de\greenrobot\dao\query\CursorQuery.java","Source Code"
"DaoGenerator\src\org\greenrobot\greendao\generator\Query.java","Source Code"
"PerformanceTestOrmLite\src\de\greenrobot\performance\ormlite\PerformanceTestOrmLite.java","Tests"
"examples\DaoExample\src\main\java\org\greenrobot\greendao\example\NoteActivity.java","Source Code"
"DaoCore\src\main\java\de\greenrobot\dao\identityscope\IdentityScopeType.java","Source Code"
"DaoCore\src\de\greenrobot\dao\internal\DaoConfig.java","Source Code"
"DaoTest\src\androidTest\java\org\greenrobot\greendao\daotest\entity\SqliteMasterTest.java","Tests"
"DaoCore\src\main\java\org\greenrobot\greendao\annotation\Column.java","Source Code"
"PerformanceTestOrmLite\build.gradle","Configuration"
"DaoTest\src\androidTest\java\de\greenrobot\daotest\entity\IndexedStringEntityTest.java","Tests"
"DaoCore\src\main\java\org\greenrobot\greendao\annotation\JoinProperty.java","Source Code"
"DaoExampleGenerator\.settings\org.eclipse.core.resources.prefs","Configuration"
"DaoCore\src\de\greenrobot\dao\SqlUtils.java","Source Code"
"DaoExampleGenerator\.project","Configuration"
"DaoTest\src\main\java\de\greenrobot\daotest\AutoincrementEntityDao.java","Tests"
"DaoTestBase\src\main\java\de\greenrobot\daotest\CustomTypeEntity.java","Tests"
"DaoTest\src-gen\de\greenrobot\daotest\RelationEntityDao.java","Tests"
"DaoBase\.project","Configuration"
"DaoTestBase\src\main\java\de\greenrobot\daotest2\dao\DaoMaster.java","Tests"
"DaoGenerator\src\org\greenrobot\greendao\generator\Index.java","Source Code"
"PerformanceTests\Common\build.gradle","Configuration"
"DaoGenerator\lib\freemarker.jar","Configuration"
"DaoTest\src\de\greenrobot\daotest\entity\AnActiveEntityMultithreadingTest.java","Tests"
"DaoTestBase\src\main\java\org\greenrobot\greendao\daotest2\KeepEntity.java","Tests"
"tests\DaoTestEntityAnnotation\src\androidTest\java\org\greenrobot\greendao\test\entityannotation\OrderTest.java","Tests"
"DaoTest\src\de\greenrobot\daotest\async\BasicAsyncTest.java","Tests"
"DaoCore\src\main\java\org\greenrobot\greendao\rx\RxTransaction.java","Source Code"
"DaoTest\src\de\greenrobot\daotest2\entity\KeepEntityTest.java","Tests"
"tests\DaoTestBase\src\main\java\org\greenrobot\greendao\daotest2\specialdao\RelationSource2Dao.java","Tests"
"DaoTest\src\de\greenrobot\daotest\DaoSessionTest.java","Tests"
"PerformanceTestActiveAndroid\src\androidTest\java\de\greenrobot\performance\activeandroid\SimpleEntityNotNull.java","Tests"
"DaoExample\src-gen\de\greenrobot\daoexample\Order.java","Source Code"
"DaoTest\src-gen\de\greenrobot\daotest2\DaoSession.java","Tests"
"PerformanceTests\Couchbase\src\androidTest\java\de\greenrobot\performance\couchbase\PerformanceTestCouchbase.java","Tests"
"DaoTest\src\de\greenrobot\daotest\entity\TestEntityTestBase.java","Tests"
"DaoCore\src\main\Java\de\greenrobot\dao\query\AbstractQueryData.java","Source Code"
"examples\RxDaoExample\src\main\java\org\greenrobot\greendao\rxexample\MainActivity.java","Source Code"
"DaoTest\src\androidTest\java\de\greenrobot\daotest\DaoSessionConcurrentTest.java","Tests"
"tests\DaoTest\src\androidTest\java\org\greenrobot\greendao\daotest\query\CursorQueryTest.java","Tests"
"DaoGenerator\mybuild.xml","Configuration"
"DaoCore\src\main\java\org\greenrobot\greendao\annotations\Generated.java","Source Code"
"DaoTest\src\de\greenrobot\dao\test\ReflectionPerformaceTest.java","Tests"
"DaoCore\src\de\greenrobot\dao\test\DbTest.java","Tests"
"DaoBase\src\de\greenrobot\dao\ActiveEntity.java","Source Code"
"DaoTest\src\main\java\de\greenrobot\daotest\IndexedStringEntity.java","Tests"
"DaoCore\src\de\greenrobot\dao\identityscope\IdentityScopeLong.java","Source Code"
"DaoTest\src\de\greenrobot\dao\test\SimpleQueryBuilderTest.java","Tests"
"DaoTest\src\de\greenrobot\daotest\SimpleEntityTest.java","Tests"
"examples\DaoExample\src\main\res\mipmap-xxhdpi\ic_launcher.png","Resources"
"DaoTest\src\androidTest\java\org\greenrobot\greendao\daotest\encrypted\EncryptedDatabaseOpenHelperTest.java","Tests"
"DaoTestBase\src\main\java\org\greenrobot\greendao\daotest\SqliteMaster.java","Tests"
"DaoGenerator\src\org\greenrobot\greendao\generator\Property.java","Source Code"
"DaoCore\src\de\greenrobot\dao\async\AsyncOperationExecutor.java","Source Code"
"DaoTest\src\de\greenrobot\daotest\entity\AnActiveEntityTest.java","Tests"
"DaoTest\src\test\java\org\greenrobot\greendao\unittest\MinimalEntityDao.java","Tests"
"tests\DaoTest\src\androidTest\java\org\greenrobot\greendao\daotest\query\QueryBuilderAndOrTest.java","Tests"
"DaoTest\src\androidTest\java\de\greenrobot\daotest\query\QueryForThreadTest.java","Tests"
"DaoTest\src\de\greenrobot\daotest\entity\TestEntityTest.java","Tests"
"tests\DaoTestEntityAnnotation\src\androidTest\java\org\greenrobot\greendao\test\entityannotation\NotNullThingTest.java","Tests"
"DaoGenerator\src\de\greenrobot\daogenerator\ToMany.java","Source Code"
"DaoCore\src\main\Java\de\greenrobot\dao\DaoException.java","Source Code"
"PerformanceTests\Firebase\src\androidTest\java\de\greenrobot\performance\firebase\IndexedStringEntity.java","Tests"
"DaoCore\src\de\greenrobot\dao\AbstractQuery.java","Source Code"
"DaoExample\res\drawable-hdpi\icon.png","Resources"
"tests\DaoTest\src\test\java\org\greenrobot\greendao\unittest\MinimalEntityTest.java","Tests"
"DaoCore\src\main\java\de\greenrobot\dao\internal\FastCursor.java","Source Code"
"examples\RxDaoExample\src\main\java\org\greenrobot\greendao\rxexample\Note.java","Source Code"
"DaoCore\src\de\greenrobot\dao\identityscope\IdentityScopeObject.java","Source Code"
"DaoTest\src\de\greenrobot\daotest\DeadlockPreventionTest.java","Tests"
"DaoGenerator\src-template\dao.ftl","Resources"
"DaoTest\src\de\greenrobot\daotest\entity\RelationEntityTestIdentityScope.java","Tests"
"DaoTest\src\de\greenrobot\daotest\query\CountQueryTest.java","Tests"
"DaoCore\src\de\greenrobot\dao\Command.java","Source Code"
"examples\DaoExample\src\androidTest\Java\org\greenrobot\greendao\example\NoteTest.java","Tests"
"DaoCore\src\main\java\org\greenrobot\greendao\test\AbstractDaoTestSinglePk.java","Tests"
"DaoCore\src\de\greenrobot\dao\query\Join.java","Source Code"
"DaoCore\src\main\Java\de\greenrobot\dao\AbstractDaoMaster.java","Source Code"
"DaoTest\src\main\java\de\greenrobot\daotest\CustomTypeEntityDao.java","Tests"
"DaoTest\src\main\java\de\greenrobot\daotest\StringKeyValueEntityDao.java","Tests"
"DaoTest\src\de\greenrobot\daotest\entity\RelationEntityTest.java","Tests"
"DaoTestBase\src\main\java\de\greenrobot\daotest\TestSuperclass.java","Tests"
"DaoTestBase\src\main\java\org\greenrobot\greendao\daotest\ExtendsImplementsEntityDao.java","Tests"
"DaoTestPerformance\src\androidTest\java\de\greenrobot\daotest\performance\PerformanceTestNotNullIdentityScope.java","Tests"
"DaoCore\src\main\java\org\greenrobot\greendao\test\AbstractDaoTestStringPk.java","Tests"
"tests\DaoTestBase\src\main\java\org\greenrobot\greendao\daotest\JoinManyToDateEntity.java","Tests"
"DaoTest\src\androidTest\java\de\greenrobot\daotest\entity\StringKeyValueEntityIdentityScopeTest.java","Tests"
"DaoTest\src\androidTest\java\de\greenrobot\daotest\query\DeleteQueryThreadLocalTest.java","Tests"
"DaoExample\src\main\java\de\greenrobot\daoexample\Customer.java","Source Code"
"tests\DaoTestBase\src\main\java\org\greenrobot\greendao\daotest\TreeEntity.java","Tests"
"DaoTestBase\src\main\java\de\greenrobot\daotest\AutoincrementEntityDao.java","Tests"
"DaoCore\src\main\java\org\greenrobot\greendao\test\DbTest.java","Tests"
"DaoTest\src\androidTest\java\de\greenrobot\daotest\entity\AnActiveEntityTest.java","Tests"
"tests\DaoTest\src\androidTest\java\org\greenrobot\greendao\daotest\entity\SimpleEntityNotNullTest.java","Tests"
"examples\DaoExample\src\main\res\layout\main.xml","Resources"
"DaoCore\src\main\java\org\greenrobot\greendao\annotations\JoinOn.java","Source Code"
"DaoCore\src\de\greenrobot\dao\DeleteQuery.java","Source Code"
"DaoTest\src\androidTest\java\org\greenrobot\greendao\daotest\query\CountQueryThreadLocalTest.java","Tests"
"DaoTest\src\de\greenrobot\dao\test\AbcdefEntityTest.java","Tests"
"DaoTest\src\de\greenrobot\daotest\TestSuperclass.java","Tests"
"DaoExample\src\main\java\org\greenrobot\greendao\example\CustomerDao.java","Source Code"
"DaoTestBase\src\main\java\de\greenrobot\daotest\AbcdefEntityDao.java","Tests"
"DaoTest\src\de\greenrobot\dao\test\AbstractDaoMasterTest.java","Tests"
"PerformanceTests\Realm\src\androidTest\java\de\greenrobot\performance\realm\PerformanceTestRealm.java","Tests"
"tests\DaoTestBase\src\main\java\org\greenrobot\greendao\daotest\TestInterface.java","Tests"
"DaoTest\src-gen\de\greenrobot\daotest\DaoSession.java","Tests"
"tests\DaoTest\src\androidTest\java\org\greenrobot\greendao\daotest\rx\RxTestHelper.java","Tests"
"DaoCore\src\main\Java\de\greenrobot\dao\test\AbstractDaoTestLongPk.java","Tests"
"DaoCore\src\main\Java\de\greenrobot\dao\query\Join.java","Source Code"
"DaoCore\src\main\java\org\greenrobot\greendao\database\StandardDatabaseStatement.java","Source Code"
"DaoTest\src\de\greenrobot\dao\test\LazyListTest.java","Tests"
"DaoExample\src\main\java\org\greenrobot\greendao\example\DaoSession.java","Source Code"
"DaoTest\src-unit-test\de\greenrobot\dao\unittest\MinimalEntityTest.java","Tests"
"DaoExample\src\main\java\org\greenrobot\greendao\example\NoteDao.java","Source Code"
"DaoTest\src-gen\de\greenrobot\daotest2\dao\KeepEntityDao.java","Tests"
"gradle\wrapper\gradle-wrapper.properties","Configuration"
"tests\DaoTest\proguard.cfg","Configuration"
"DaoCore\src\main\Java\de\greenrobot\dao\async\AsyncOperationExecutor.java","Source Code"
"DaoTestBase\src\main\java\de\greenrobot\daotest2\dao\ToManyTarget2Dao.java","Tests"
"DaoExample\src-gen\de\greenrobot\daoexample\Customer.java","Source Code"
"DaoCore\src\main\Java\de\greenrobot\dao\AbstractDao.java","Source Code"
"PerformanceTests\Parse\src\main\java\de\greenrobot\performance\parse\SimpleEntityNotNull.java","Tests"
"DaoTest\src\androidTest\java\org\greenrobot\greendao\daotest\entity\SpecialNamesEntityTest.java","Tests"
"tests\DaoTestBase\src\main\java\org\greenrobot\greendao\daotest\AbcdefEntity.java","Tests"
"DaoBase\src\de\greenrobot\orm\AbstractDao.java","Source Code"
"DaoTest\src\de\greenrobot\daotest\DbTestTest.java","Tests"
"PerformanceTests\Sqlite\src\androidTest\java\de\greenrobot\performance\sqlite\PerformanceTestSqlite.java","Tests"
"tests\DaoTestBase\build.gradle","Configuration"
"DaoExample\src\main\java\org\greenrobot\greendao\example\NoteTypeConverter.java","Source Code"
"greendao-annotations\src\main\java\org\greenrobot\greendao\annotation\Column.java","Source Code"
"DaoTest\src\androidTest\java\de\greenrobot\encryption\EncryptionSimpleEntityTest.java","Tests"
"PerformanceTestActiveAndroid\src\main\AndroidManifest.xml","Configuration"
"DaoTest\src-gen\de\greenrobot\daotest2\DaoMaster.java","Tests"
"PerformanceTests\Firebase\src\androidTest\java\de\greenrobot\performance\firebase\SimpleEntityNotNull.java","Tests"
"tests\DaoTest\src\test\java\org\greenrobot\greendao\unittest\MinimalEntityDao.java","Tests"
"DaoTest\src\androidTest\java\org\greenrobot\greendao\daotest\DeadlockPreventionTest.java","Tests"
"DaoBase\src\de\greenrobot\dao\DaoException.java","Source Code"
"DaoTest\src\main\java\de\greenrobot\daotest2\to1_specialentity\ToOneTarget2.java","Tests"
"PerformanceTests\OrmLite\src\main\AndroidManifest.xml","Configuration"
"DaoCore\.classpath","Configuration"
"DaoExample\settings.gradle","Configuration"
"DaoGenerator\.settings\gradle\org.springsource.ide.eclipse.gradle.refresh.prefs","Configuration"
"DaoCore\src\main\java\de\greenrobot\dao\database\SQLCipherDatabase.java","Source Code"
"DaoCore\src\de\greenrobot\dao\AsyncOperationExecutor.java","Source Code"
"PerformanceTests\Sqlite\src\androidTest\java\de\greenrobot\performance\sqlite\IndexedStringEntity.java","Tests"
"DaoTest\src\de\greenrobot\daotest\entity\SimpleEntityTest.java","Tests"
"DaoGenerator\src-template\dao-deep.ftl","Resources"
"DaoExample\src\main\java\org\greenrobot\greendao\example\DaoMaster.java","Source Code"
"DaoCore\src\main\java\org\greenrobot\greendao\rx\RxUtils.java","Source Code"
"tests\DaoTest\src\androidTest\java\org\greenrobot\greendao\daotest\query\DeleteQueryTest.java","Tests"
"DaoExample\src\main\AndroidManifest.xml","Configuration"
"DaoTest\src\androidTest\java\org\greenrobot\greendao\daotest\entity\TestEntityTest.java","Tests"
"DaoGenerator\src-template\standard\dao-unit-test.ftl","Resources"
"DaoCore\src\main\Java\de\greenrobot\dao\AbstractDaoSession.java","Source Code"
"DaoBase\src\de\greenrobot\dao\IIdentityScope.java","Source Code"
"DaoTest\.project","Configuration"
"DaoTest\src\de\greenrobot\dao\test\TestEntityTestBase.java","Tests"
"DaoTest\src-gen\de\greenrobot\daotest\JoinManyToDateEntity.java","Tests"
"tests\DaoTest\src\test\java\org\greenrobot\greendao\unittest\OptionalDepedenciesTest.java","Tests"
"DaoGenerator\src-template\dao-master.ftl","Resources"
"DaoTest\src\de\greenrobot\daotest\entity\ToManyTargetEntityTest.java","Tests"
"PerformanceTests\Parse\build.gradle","Configuration"
"DaoTest\src\main\java\de\greenrobot\daotest\ToManyTargetEntityDao.java","Tests"
"DaoCore\src\de\greenrobot\dao\database\SQLCipherStatement.java","Source Code"
"DaoCore\src\main\java\org\greenrobot\greendao\database\SqlCipherEncryptedHelper.java","Source Code"
"DaoTest\src\androidTest\java\de\greenrobot\daotest\entity\StringKeyValueEntityTest.java","Tests"
"tests\DaoTestPerformance\src\androidTest\java\org\greenrobot\greendao\performance\IndexedStringPerformanceTest.java","Tests"
"DaoTestPerformance\src\androidTest\java\org\greenrobot\greendao\performance\PerformanceTestNotNull.java","Tests"
"DaoTest\src\main\java\de\greenrobot\daotest\AutoincrementEntity.java","Tests"
"DaoTestBase\src\main\java\org\greenrobot\greendao\daotest\SqliteMasterDao.java","Tests"
"DaoTest\src\de\greenrobot\daotest\entity\AutoincrementEntityTest.java","Tests"
"DaoCore\src\de\greenrobot\dao\async\AsyncOperation.java","Source Code"
"DaoTest\src\androidTest\java\org\greenrobot\greendao\daotest\DaoSessionConcurrentTest.java","Tests"
"DaoTest\src\androidTest\java\de\greenrobot\encryption\EncryptedDatabaseOpenHelperTest.java","Tests"
"DaoCore\src\main\Java\de\greenrobot\dao\query\QueryBuilder.java","Source Code"
"greendao-annotations\src\main\java\org\greenrobot\greendao\converter\PropertyConverter.java","Source Code"
"DaoGenerator\src-gen-testentities\de\greenrobot\daogenerator\gentest\TestDaoGenerator.java","Tests"
"DaoTest\src-gen\de\greenrobot\daotest2\KeepEntityDao.java","Tests"
"DaoTest\src-gen\de\greenrobot\daotest\SimpleEntityDao.java","Tests"
"DaoTest\src-gen\de\greenrobot\daotest\ExtendsImplementsEntityDao.java","Tests"
"PerformanceTests\Realm\src\androidTest\java\de\greenrobot\performance\realm\SimpleEntityNotNull.java","Tests"
"DaoCore\src\main\java\org\greenrobot\greendao\query\Query.java","Source Code"
"DaoTest\src\main\java\de\greenrobot\daotest\RelationEntityDao.java","Tests"
"DaoTest\src\androidTest\java\org\greenrobot\greendao\daotest\DaoSessionTest.java","Tests"
"DaoCore\src\main\java\org\greenrobot\greendao\query\AbstractQueryData.java","Source Code"
"DaoCore\src\main\java\de\greenrobot\dao\query\Query.java","Source Code"
"DaoTestBase\src\main\java\de\greenrobot\daotest\TreeEntityDao.java","Tests"
"DaoBase\src\de\greenrobot\dao\TableStatements.java","Source Code"
"DaoTest\src\androidTest\java\de\greenrobot\daotest\async\AbstractAsyncTest.java","Tests"
"DaoTestBase\src\main\java\org\greenrobot\greendao\daotest\DateEntity.java","Tests"
"DaoTest\src\main\java\de\greenrobot\daotest\DateEntityDao.java","Tests"
"DaoTest\src-gen\de\greenrobot\dao\test\RelationEntityDao.java","Tests"
"tests\DaoTestPerformance\src\androidTest\java\org\greenrobot\greendao\performance\target\ArrayUtils.java","Tests"
"tests\DaoTestPerformance\src\androidTest\java\org\greenrobot\greendao\performance\target\LongSparseArray.java","Tests"
"DaoCore\src\de\greenrobot\dao\QueryBuilder.java","Source Code"
"DaoCore\src\main\java\org\greenrobot\greendao\annotation\Index.java","Source Code"
"tests\DaoTestEntityAnnotation\src\androidTest\java\org\greenrobot\greendao\test\entityannotation\CustomerTest.java","Tests"
"DaoTestBase\src\main\java\de\greenrobot\daotest\ToManyTargetEntity.java","Tests"
"PerformanceTests\Realm\src\androidTest\java\de\greenrobot\performance\realm\SimpleEntityNotNullHelper.java","Tests"
"DaoCore\src\main\java\de\greenrobot\dao\database\SQLCipherStatement.java","Source Code"
"DaoTest\src\androidTest\java\de\greenrobot\daotest\entity\TestEntityIdentityScopeTest.java","Tests"
"DaoCore\src\main\Java\de\greenrobot\dao\internal\DaoConfig.java","Source Code"
"examples\RxDaoExample\src\main\res\values\strings.xml","Resources"
"DaoExample\res\values\strings.xml","Resources"
"DaoCore\src\main\java\de\greenrobot\dao\query\AbstractQueryData.java","Source Code"
"tests\DaoTestPerformance\src\androidTest\java\org\greenrobot\greendao\performance\PerformanceTestNotNullIdentityScope.java","Tests"
"DaoBase\src\de\greenrobot\dao\UnitTestDaoAccess.java","Source Code"
"examples\DaoExample\src\main\java\org\greenrobot\greendao\example\App.java","Source Code"
"tests\DaoTestBase\src\main\java\org\greenrobot\greendao\daotest\AutoincrementEntity.java","Tests"
"DaoTest\src\de\greenrobot\daotest\entity\CustomTypeEntityTest.java","Tests"
"tests\DaoTest\src\androidTest\java\org\greenrobot\greendao\daotest\async\MergeTxAsyncTest.java","Tests"
"DaoGenerator\src-template\dao-session.ftl","Resources"
"DaoTest\src\androidTest\java\de\greenrobot\daotest\entity\ExtendsImplementsEntityTest.java","Tests"
"tests\DaoTestBase\src\main\java\org\greenrobot\greendao\daotest\ToManyTargetEntity.java","Tests"
"DaoCore\src\main\java\org\greenrobot\greendao\annotations\ToMany.java","Source Code"
"examples\DaoExample\src\main\res\layout\item_note.xml","Resources"
"DaoTest\src\test\java\org\greenrobot\greendao\unittest\MinimalEntity.java","Tests"
"DaoTest\src\androidTest\java\de\greenrobot\daotest\performance\target\ArrayUtils.java","Tests"
"DaoCore\src\main\java\org\greenrobot\greendao\internal\SqlUtils.java","Source Code"
"DaoCore\src\main\java\org\greenrobot\greendao\identityscope\IdentityScopeType.java","Source Code"
"DaoTestPerformance\src\androidTest\java\org\greenrobot\greendao\performance\IndexedStringPerformanceTest.java","Tests"
"greendao-annotations\src\main\java\org\greenrobot\greendao\annotation\Table.java","Source Code"
"DaoTest\src\de\greenrobot\dao\test\SpecialNamesEntityTest.java","Tests"
"DaoTest\src\de\greenrobot\daotest\query\LazyListTest.java","Tests"
"DaoTest\src\de\greenrobot\daotest\entity\JoinManyToDateEntityTest.java","Tests"
"DaoTest\src\de\greenrobot\daotest\query\JoinTest.java","Tests"
"DaoTest\src\de\greenrobot\daotest\entity\SpecialNamesEntityTest.java","Tests"
"DaoExample\src-gen\de\greenrobot\daoexample\CustomerDao.java","Source Code"
"DaoTest\src-gen\de\greenrobot\daotest\StringKeyValueEntity.java","Tests"
"DaoCore\src\main\java\org\greenrobot\greendao\annotation\Property.java","Source Code"
"DaoCore\src\de\greenrobot\dao\query\AbstractQuery.java","Source Code"
"PerformanceTests\Parse\src\androidTest\java\de\greenrobot\performance\parse\IndexedStringEntity.java","Tests"
"DaoExample\.settings\org.eclipse.jdt.core.prefs","Configuration"
"DaoCore\src\main\Java\de\greenrobot\dao\identityscope\IdentityScopeLong.java","Source Code"
"DaoCore\src\main\java\org\greenrobot\greendao\converter\PropertyConverter.java","Source Code"
"DaoTestPerformance\src\androidTest\java\de\greenrobot\daotest\performance\target\LongSparseArray.java","Tests"
"DaoCore\src\main\java\org\greenrobot\greendao\query\LazyList.java","Source Code"
"DaoCore\src\main\Java\de\greenrobot\dao\async\AsyncSession.java","Source Code"
"DaoGenerator\.classpath","Configuration"
"DaoBase\src\de\greenrobot\dao\IdentityScopeType.java","Source Code"
"DaoCore\src\main\java\org\greenrobot\greendao\database\DatabaseStatement.java","Source Code"
"DaoTest\src\androidTest\java\org\greenrobot\greendao\daotest\encrypted\EncryptionSimpleEntityTest.java","Tests"
"PerformanceTests\Firebase\src\androidTest\java\de\greenrobot\performance\firebase\SimpleEntityNotNullHelper.java","Tests"
"DaoTest\src\de\greenrobot\daotest\TestEntityTest.java","Tests"
"DaoCore\mybuild.xml","Configuration"
"DaoCore\src\main\java\de\greenrobot\dao\identityscope\IdentityScopeObject.java","Source Code"
"tests\DaoTestEntityAnnotation\src\androidTest\Java\org\greenrobot\greendao\test\entityannotation\CustomerTest.java","Tests"
"DaoCore\src\de\greenrobot\dao\UnitTestDaoAccess.java","Source Code"
"PerformanceTestRealm\src\androidTest\java\de\greenrobot\performance\realm\SimpleEntityNotNull.java","Tests"
"DaoTest\src\androidTest\java\de\greenrobot\daotest\entity\AnActiveEntityMultithreadingTest.java","Tests"
"DaoTest\src\androidTest\java\de\greenrobot\daotest\query\QueryLimitOffsetTest.java","Tests"
"ci\wait_for_emulator","Configuration"
"tests\DaoTest\src\androidTest\java\org\greenrobot\greendao\daotest\rx\RxQueryTest.java","Tests"
"DaoExample\src\main\java\de\greenrobot\daoexample\NoteTypeConverter.java","Source Code"
"DaoCore\src\main\java\de\greenrobot\dao\query\CountQuery.java","Source Code"
"DaoTest\src\androidTest\java\de\greenrobot\daotest\query\JoinTest.java","Tests"
"DaoCore\src\main\java\de\greenrobot\dao\test\AbstractDaoSessionTest.java","Tests"
"DaoBase\mybuild.xml","Configuration"
"PerformanceTests\ActiveAndroid\build.gradle","Configuration"
"DaoGenerator\performance\performance-data.xlsx","Resources"
"DaoGenerator\src-test\de\greenrobot\daogenerator\test\SimpleTest.java","Tests"
"tests\DaoTestBase\src\main\java\org\greenrobot\greendao\daotest\RelationEntityDao.java","Tests"
"DaoCore\src\main\java\org\greenrobot\greendao\Property.java","Source Code"
"DaoCore\src\main\java\org\greenrobot\greendao\internal\LongHashMap.java","Source Code"
"DaoTest\src\de\greenrobot\daotest\AbcdefEntityTest.java","Tests"
"DaoTest\src\androidTest\java\de\greenrobot\daotest\entity\RelationEntityTest.java","Tests"
"DaoCore\src\main\java\org\greenrobot\greendao\async\AsyncOperation.java","Source Code"
"DaoCore\src\main\java\org\greenrobot\greendao\annotation\Unique.java","Source Code"
"examples\DaoExample\src\main\res\values\styles.xml","Resources"
"DaoGenerator\.gitignore","Configuration"
"tests\DaoTest\src\androidTest\java\org\greenrobot\greendao\daotest\rx\RxTransactionTest.java","Tests"
"DaoTest\src-gen\de\greenrobot\testdao\RelationEntityDao.java","Tests"
"DaoTest\src-gen\de\greenrobot\dao\test\RelationEntity.java","Tests"
"DaoTest\src\de\greenrobot\dao\test\DbUtilsTest.java","Tests"
"DaoCore\src\main\java\org\greenrobot\greendao\RxDao.java","Source Code"
"DaoTest\src\de\greenrobot\daotest\query\DeleteQueryTest.java","Tests"
"DaoCore\src\main\java\org\greenrobot\greendao\annotation\Transient.java","Source Code"
"DaoTest\res\values\dummy.xml","Resources"
"examples\DaoExample\src\main\res\values\dimens.xml","Resources"
"DaoCore\src\main\java\de\greenrobot\dao\internal\SqlUtils.java","Source Code"
"DaoTestBase\src\main\java\de\greenrobot\daotest2\ToManyTarget2.java","Tests"
"tests\DaoTestBase\src\main\java\org\greenrobot\greendao\daotest\TestEntityDao.java","Tests"
"tests\DaoTestBase\src\main\java\org\greenrobot\greendao\daotest2\dao\KeepEntityDao.java","Tests"
"DaoGenerator\src-generator-testentities\de\greenrobot\daogenerator\gentest\TestDaoGenerator.java","Tests"
"DaoTest\src\androidTest\java\org\greenrobot\greendao\daotest\DaoSessionConcurrentWALTest.java","Tests"
"DaoCore\src\de\greenrobot\dao\LazyList.java","Source Code"
"DaoTestBase\src\main\java\de\greenrobot\daotest\SimpleEntityContentProvider.java","Tests"
"DaoTestBase\src\main\java\de\greenrobot\daotest2\dao\KeepEntityDao.java","Tests"
"tests\DaoTest\src\androidTest\java\org\greenrobot\greendao\daotest\encrypted\EncryptedDataFileTest.java","Tests"
"DaoTest\src\de\greenrobot\daotest\performance\target\LongHashMapJDBM.java","Tests"
"DaoGenerator\src\de\greenrobot\daogenerator\ToManyWithJoinEntity.java","Source Code"
"DaoCore\src\main\java\org\greenrobot\greendao\AbstractDao.java","Source Code"
"DaoTest\src\androidTest\java\org\greenrobot\greendao\daotest\entity\TreeEntityTest.java","Tests"
"DaoGenerator\.settings\gradle\org.springsource.ide.eclipse.gradle.core.prefs","Configuration"
"tests\DaoTest\src\androidTest\java\org\greenrobot\greendao\daotest\DaoSessionConcurrentTest.java","Tests"
"DaoGenerator\src\de\greenrobot\daogenerator\Query.java","Source Code"
"DaoCore\src\main\java\org\greenrobot\greendao\annotation\OrderBy.java","Source Code"
"DaoCore\src\main\java\org\greenrobot\greendao\internal\FastCursor.java","Source Code"
"examples\RxDaoExample\src\main\res\values\styles.xml","Resources"
"DaoCore\src\main\java\org\greenrobot\greendao\annotations\Unique.java","Source Code"
"tests\DaoTestEntityAnnotation\src\main\java\org\greenrobot\greendao\test\entityannotation\Customer.java","Tests"
"DaoBase\src\de\greenrobot\dao\AbstractDao.java","Source Code"
"DaoGenerator\src\de\greenrobot\daogenerator\PropertyOrderList.java","Source Code"
"DaoCore\src\de\greenrobot\dao\query\QueryBuilder.java","Source Code"
"DaoTest\src\androidTest\java\de\greenrobot\daotest\entity\ToManyTargetEntityTest.java","Tests"
"DaoCore\src\de\greenrobot\dao\database\Database.java","Source Code"
"examples\RxDaoExample\src\main\res\values\dimens.xml","Resources"
"PerformanceTests\Parse\src\androidTest\java\de\greenrobot\performance\parse\PerformanceTestParse.java","Tests"
"PerformanceTests\Common\src\main\java\de\greenrobot\performance\StringGenerator.java","Tests"
"tests\DaoTest\src\androidTest\java\org\greenrobot\greendao\daotest\entity\SpecialNamesEntityTest.java","Tests"
"DaoExampleGenerator\.settings\gradle\org.springsource.ide.eclipse.gradle.refresh.prefs","Configuration"
"DaoTestBase\src\main\java\de\greenrobot\daotest\JoinManyToDateEntity.java","Tests"
"DaoTest\src\de\greenrobot\daotest\customtype\MyTimestampConverter.java","Tests"
"DaoTest\src\androidTest\java\org\greenrobot\greendao\daotest\entity\StringKeyValueEntityIdentityScopeTest.java","Tests"
"DaoGenerator\src-template\encryption\content-provider.ftl","Resources"
"tests\DaoTestBase\src\main\java\org\greenrobot\greendao\daotest2\dao\DaoSession.java","Tests"
"DaoTest\src\androidTest\java\de\greenrobot\daotest\entity\SimpleEntityNotNullTest.java","Tests"
"DaoTest\src\main\java\de\greenrobot\daotest\JoinManyToDateEntityDao.java","Tests"
"DaoTest\src-gen\de\greenrobot\testdao\TestEntitySimpleDao.java","Tests"
"DaoGenerator\src-template\standard\dao-deep.ftl","Resources"
"DaoTestBase\src\main\java\de\greenrobot\daotest\IndexedStringEntity.java","Tests"
"DaoTestBase\src\main\java\org\greenrobot\greendao\daotest\IndexedStringEntityDao.java","Tests"
"DaoExample\src-test\de\greenrobot\daoexample\CustomerOrderTest.java","Tests"
"examples\DaoExample\build.gradle","Configuration"
"DaoBase\src\de\greenrobot\dao\test\DbTest.java","Tests"
"tests\DaoTest\src\androidTest\java\org\greenrobot\greendao\daotest\entity\TestEntityTestBase.java","Tests"
"DaoCore\src\main\java\org\greenrobot\greendao\internal\DaoConfig.java","Source Code"
"DaoTestBase\src\main\java\org\greenrobot\greendao\daotest\ToManyTargetEntity.java","Tests"
"DaoTest\src\main\java\de\greenrobot\daotest\customtype\IntegerListConverter.java","Tests"
"DaoCore\src\main\java\org\greenrobot\greendao\internal\TableStatements.java","Source Code"
"DaoTestPerformance\src\androidTest\java\org\greenrobot\greendao\performance\PerformanceTest.java","Tests"
"DaoCore\src\main\Java\de\greenrobot\dao\identityscope\IdentityScope.java","Source Code"
"DaoTestBase\src\main\java\org\greenrobot\greendao\daotest\entity\SimpleEntityNotNullHelper.java","Tests"
"DaoTest\src\androidTest\java\org\greenrobot\greendao\daotest\entity\RelationEntityTest.java","Tests"
"PerformanceTests\Couchbase\src\main\AndroidManifest.xml","Configuration"
"tests\DaoTestEntityAnnotation\src\main\java\org\greenrobot\greendao\test\entityannotation\Note.java","Tests"
"DaoExample\src\main\java\de\greenrobot\daoexample\Note.java","Source Code"
"DaoTest\src\androidTest\java\org\greenrobot\greendao\daotest\entity\SimpleEntityTest.java","Tests"
"PerformanceTests\Firebase\src\main\AndroidManifest.xml","Configuration"
"PerformanceTests\Parse\src\main\java\de\greenrobot\performance\parse\ParsePerfTest.java","Tests"
"DaoGenerator\src\org\greenrobot\greendao\generator\Schema.java","Source Code"
"PerformanceTests\OrmLite\build.gradle","Configuration"
"DaoTest\src\de\greenrobot\daotest\entity\StringKeyValueEntityIdentityScopeTest.java","Tests"
"tests\DaoTestBase\src\main\java\org\greenrobot\greendao\daotest\customtype\MyTimestamp.java","Tests"
"DaoTestBase\src\main\java\org\greenrobot\greendao\daotest2\specialdao\RelationSource2Dao.java","Tests"
"DaoTest\src\androidTest\java\org\greenrobot\greendao\daotest\async\MergeTxAsyncTest.java","Tests"
"DaoTest\src\de\greenrobot\daotest\entity\AbcdefEntityTest.java","Tests"
"DaoCore\src\de\greenrobot\dao\TableStatements.java","Source Code"
"DaoExample\.classpath","Configuration"
"DaoTest\src\androidTest\java\org\greenrobot\greendao\daotest\query\QueryLimitOffsetTest.java","Tests"
"DaoCore\.settings\org.eclipse.core.resources.prefs","Configuration"
"PerformanceTestRealm\src\main\AndroidManifest.xml","Configuration"
"tests\DaoTest\src\androidTest\java\org\greenrobot\greendao\daotest\async\BasicAsyncTest.java","Tests"
"tests\DaoTestEntityAnnotation\src\main\java\org\greenrobot\greendao\test\entityannotation\NotNullThing.java","Tests"
"DaoTest\src\main\java\de\greenrobot\daotest\TestEntity.java","Tests"
"DaoTest\src\androidTest\java\org\greenrobot\greendao\daotest\entity\ToManyTargetEntityTest.java","Tests"
"tests\DaoTest\src\androidTest\java\org\greenrobot\greendao\daotest2\entity\KeepEntityTest.java","Tests"
"tests\DaoTest\src\androidTest\java\org\greenrobot\greendao\daotest\DaoSessionConcurrentWALTest.java","Tests"
"DaoGenerator\src\de\greenrobot\daogenerator\ContentProvider.java","Source Code"
"DaoTestBase\src\main\java\org\greenrobot\greendao\daotest2\dao\DaoSession.java","Tests"
"DaoTestBase\src\main\java\de\greenrobot\daotest\SpecialNamesEntity.java","Tests"
"DaoTest\src\de\greenrobot\dao\test\SimpleEntityNotNullHelper.java","Tests"
"DaoTest\src\main\java\de\greenrobot\daotest2\dao\KeepEntityDao.java","Tests"
"DaoCore\src\main\java\org\greenrobot\greendao\annotations\Convert.java","Source Code"
"DaoCore\src\main\java\org\greenrobot\greendao\rx\RxBase.java","Source Code"
"tests\DaoTest\src\androidTest\java\org\greenrobot\greendao\daotest\IndexTest.java","Tests"
"tests\DaoTest\src\androidTest\java\org\greenrobot\greendao\daotest\rx\RxDaoTest.java","Tests"
"DaoGenerator\.settings\org.eclipse.jdt.core.prefs","Configuration"
"DaoTest\src\androidTest\java\org\greenrobot\greendao\daotest\entity\JoinManyToDateEntityTest.java","Tests"
"examples\DaoExample\src\main\java\org\greenrobot\greendao\example\NoteType.java","Source Code"
"DaoExample\src\main\java\org\greenrobot\greendao\example\OrderDao.java","Source Code"
"DaoTestPerformance\src\androidTest\java\org\greenrobot\greendao\performance\target\LongHashMapJDBM.java","Tests"
"DaoTest\src\de\greenrobot\dao\test\DaoMasterTest.java","Tests"
"DaoCore\src\de\greenrobot\dao\query\WhereCollector.java","Source Code"
"DaoTestBase\src\main\java\org\greenrobot\greendao\daotest\StringKeyValueEntityDao.java","Tests"
"tests\DaoTest\src\androidTest\java\org\greenrobot\greendao\daotest\entity\IndexedStringEntityTest.java","Tests"
"DaoTest\src\de\greenrobot\daotest\entity\SqliteMasterTest.java","Tests"
"DaoBase\src\de\greenrobot\dao\LazyList.java","Source Code"
"DaoCore\src\main\java\de\greenrobot\dao\database\DatabaseStatement.java","Source Code"
"tests\DaoTest\src\androidTest\java\org\greenrobot\greendao\daotest\query\JoinTest.java","Tests"
"DaoTestBase\src\main\java\de\greenrobot\daotest\AutoincrementEntity.java","Tests"
"DaoExample\src\de\greenrobot\daoexample\NoteTest.java","Tests"
"PerformanceTests\Cupboard\src\androidTest\java\de\greenrobot\performance\cupboard\SimpleEntityNotNull.java","Tests"
"DaoTest\src\main\java\de\greenrobot\daotest\JoinManyToDateEntity.java","Tests"
"DaoExample\src-test\de\greenrobot\daoexample\NoteTest.java","Tests"
"DaoCore\src\main\java\de\greenrobot\dao\InternalUnitTestDaoAccess.java","Tests"
"tests\DaoTestEntityAnnotation\src\androidTest\Java\org\greenrobot\greendao\test\entityannotation\NotNullThingTest.java","Tests"
"PerformanceTests\Cupboard\src\androidTest\java\de\greenrobot\performance\StringGenerator.java","Tests"
"DaoTestBase\src\main\java\org\greenrobot\greendao\daotest\customtype\MyTimestamp.java","Tests"
"DaoTest\src\androidTest\java\org\greenrobot\greendao\daotest\rx\RxTransactionTest.java","Tests"
"DaoTest\src-gen\de\greenrobot\daotest\AnActiveEntity.java","Tests"
"DaoTest\build.gradle","Configuration"
"DaoTest\src\de\greenrobot\daotest\TestEntityTestBase.java","Tests"
"tests\DaoTest\src\androidTest\java\org\greenrobot\greendao\daotest\entity\ExtendsImplementsEntityTest.java","Tests"
"examples\RxDaoExample\src\main\res\mipmap-xxhdpi\ic_launcher.png","Resources"
"PerformanceTestOrmLite\.gitignore","Configuration"
"DaoTestBase\src\main\java\org\greenrobot\greendao\daotest\TestSuperclass.java","Tests"
"DaoTestBase\src\main\java\org\greenrobot\greendao\daotest\TreeEntity.java","Tests"
"PerformanceTests\Sqlite\build.gradle","Configuration"
"DaoTest\src\de\greenrobot\daotest\IndexTest.java","Tests"
"PerformanceTests\Couchbase\build.gradle","Configuration"
"DaoTest\src\de\greenrobot\daotest\SimpleEntityNotNullHelper.java","Tests"
"README.md","Documentation"
"DaoTestBase\src\main\java\org\greenrobot\greendao\daotest2\dao\ToManyTarget2Dao.java","Tests"
"tests\DaoTestBase\src\main\java\org\greenrobot\greendao\daotest\RelationEntity.java","Tests"
"tests\DaoTestBase\src\main\java\org\greenrobot\greendao\daotest\DateEntityDao.java","Tests"
"DaoCore\src\main\java\org\greenrobot\greendao\annotations\Keep.java","Source Code"
"DaoTest\src-gen\de\greenrobot\dao\test\SimpleEntity.java","Tests"
"tests\DaoTestBase\src\main\java\org\greenrobot\greendao\daotest2\ToManyTarget2.java","Tests"
"DaoCore\src\main\java\de\greenrobot\dao\database\Database.java","Source Code"
"DaoTest\src\test\java\de\greenrobot\dao\unittest\DaoSession.java","Tests"
"DaoTest\src\de\greenrobot\daotest\query\QueryLimitOffsetTest.java","Tests"
"DaoCore\src\main\java\de\greenrobot\dao\database\StandardDatabaseStatement.java","Source Code"
"tests\DaoTestEntityAnnotation\src\main\java\org\greenrobot\greendao\test\entityannotation\NoteTypeConverter.java","Tests"
"DaoTest\src\de\greenrobot\daotest\QueryBuilderAndOrTest.java","Tests"
"tests\DaoTest\src\androidTest\java\org\greenrobot\greendao\daotest\entity\StringKeyValueEntityTest.java","Tests"
"DaoTest\src-gen\de\greenrobot\daotest\StringKeyValueEntityDao.java","Tests"
"DaoCore\src\main\java\org\greenrobot\greendao\AbstractDaoMaster.java","Source Code"
"DaoBase\src\de\greenrobot\orm\test\AbstractDaoTestSinglePk.java","Tests"
"DaoTest\src-gen\de\greenrobot\daotest\SimpleEntityNotNull.java","Tests"
"greendao-annotations\src\main\java\org\greenrobot\greendao\annotation\NotNull.java","Source Code"
"tests\DaoTestPerformance\src\androidTest\java\org\greenrobot\greendao\performance\ReflectionPerformanceTest.java","Tests"
"tests\DaoTestBase\src\main\java\org\greenrobot\greendao\daotest2\dao\DaoMaster.java","Tests"
"DaoCore\.gitignore","Configuration"
"DaoCore\src\main\Java\de\greenrobot\dao\test\AbstractDaoTest.java","Tests"
"DaoGenerator\src\de\greenrobot\daogenerator\Entity.java","Source Code"
"examples\DaoExample\src\main\res\values\colors.xml","Resources"
"tests\DaoTestEntityAnnotation\src\main\java\org\greenrobot\greendao\entityannotation\Customer.java","Tests"
"greendao-annotations\src\main\java\org\greenrobot\greendao\annotation\Transient.java","Source Code"
"tests\DaoTest\src\test\java\org\greenrobot\greendao\unittest\DaoMaster.java","Tests"
"examples\RxDaoExample\src\main\res\mipmap-xxxhdpi\ic_launcher.png","Resources"
"PerformanceTestOrmLite\libs\ormlite-android-4.34-SNAPSHOT.jar","Configuration"
"DaoTest\src-gen\de\greenrobot\daotest\RelationEntity.java","Tests"
"DaoExample\src-gen\de\greenrobot\daoexample\OrderDao.java","Source Code"
"DaoCore\src\main\java\org\greenrobot\greendao\annotation\JoinEntity.java","Source Code"
"DaoTest\src\de\greenrobot\daotest\query\QueryBuilderOrderTest.java","Tests"
"DaoTest\src-gen\de\greenrobot\testdao\SimpleEntityNotNull.java","Tests"
"DaoTest\src\test\java\de\greenrobot\dao\unittest\DaoMaster.java","Tests"
"DaoBase\src\de\greenrobot\dao\AbstractDaoMaster.java","Source Code"
"DaoTest\src\androidTest\java\de\greenrobot\daotest\entity\SimpleEntityTest.java","Tests"
"DaoTestPerformance\src\androidTest\java\org\greenrobot\greendao\performance\target\LongSparseArray.java","Source Code"
"DaoExample\src\main\res\mipmap-xxxhdpi\ic_launcher.png","Resources"
"DaoBase\src\de\greenrobot\dao\LongHashMap.java","Source Code"
"DaoBase\src\de\greenrobot\dao\Property.java","Source Code"
"DaoCore\src\main\java\org\greenrobot\greendao\test\AbstractDaoSessionTest.java","Tests"
"DaoTestBase\src\main\java\de\greenrobot\daotest\TestEntityDao.java","Tests"
"greendao-annotations\src\main\java\org\greenrobot\greendao\annotation\OrderBy.java","Source Code"
"DaoTest\src\main\java\de\greenrobot\daotest2\specialentity\RelationSource2.java","Tests"
"DaoBase\src\de\greenrobot\orm\test\AbstractDaoTest.java","Tests"
"DaoTest\src\main\java\de\greenrobot\daotest\TreeEntityDao.java","Tests"
"DaoTest\src-gen\de\greenrobot\daotest\DateEntity.java","Tests"
"DaoCore\src\de\greenrobot\dao\CountQuery.java","Source Code"
"DaoGenerator\src\de\greenrobot\daogenerator\Index.java","Source Code"
"DaoGenerator\src\org\greenrobot\greendao\generator\ContentProvider.java","Source Code"
"DaoGenerator\src-test\de\greenrobot\daogenerator\test\TestDaoGenerator.java","Tests"
"DaoCore\default.properties","Configuration"
"DaoCore\src\de\greenrobot\dao\DaoConfig.java","Source Code"
"DaoGenerator\src-template\encryption\dao.ftl","Resources"
"DaoExample\src\main\java\de\greenrobot\daoexample\NoteType.java","Source Code"
"DaoExampleGenerator\.settings\org.eclipse.jdt.core.prefs","Configuration"
"DaoBase\src\de\greenrobot\dao\Column.java","Source Code"
"DaoExample\src\main\java\de\greenrobot\daoexample\DaoMaster.java","Source Code"
"DaoTest\src\de\greenrobot\dao\test\QueryBuilderSimpleTest.java","Tests"
"tests\DaoTest\src\androidTest\java\org\greenrobot\greendao\daotest\DaoSessionTest.java","Tests"
"DaoExample\project.properties","Configuration"
"DaoCore\src\de\greenrobot\dao\async\AsyncOperationListener.java","Source Code"
"DaoTest\src-unit-test\de\greenrobot\dao\unittest\MinimalEntity.java","Tests"
"examples\DaoExample\src\androidTest\java\org\greenrobot\greendao\example\NoteTest.java","Tests"
"DaoTestPerformance\src\androidTest\java\org\greenrobot\greendao\performance\target\ArrayUtils.java","Tests"
"DaoTest\src-gen\de\greenrobot\dao\test\TestEntityDao.java","Tests"
"tests\DaoTest\src\androidTest\java\org\greenrobot\greendao\daotest\entity\RelationEntityTestIdentityScope.java","Tests"
"DaoCore\src\main\java\org\greenrobot\greendao\query\CountQuery.java","Source Code"
"DaoTest\src\androidTest\java\de\greenrobot\daotest\performance\PerformanceTestNotNull.java","Tests"
"DaoTest\src\test\java\org\greenrobot\greendao\unittest\MinimalEntityTest.java","Tests"
"DaoTest\src\androidTest\java\de\greenrobot\daotest2\entity\KeepEntityTest.java","Tests"
"DaoExample\src\main\java\org\greenrobot\greendao\example\NoteActivity.java","Source Code"
"DaoCore\src\de\greenrobot\dao\test\AbstractDaoTest.java","Tests"
"examples\RxDaoExample\src\main\java\org\greenrobot\greendao\rxexample\NoteTypeConverter.java","Source Code"
"examples\RxDaoExample\src\main\res\layout\item_note.xml","Resources"
"tests\DaoTest\src\androidTest\java\org\greenrobot\greendao\daotest\query\DeleteQueryThreadLocalTest.java","Tests"
"DaoTest\src-gen\de\greenrobot\daotest\JoinManyToDateEntityDao.java","Tests"
"DaoCore\src\de\greenrobot\dao\query\CountQuery.java","Source Code"
"DaoTest\src-gen\de\greenrobot\daotest\TestEntity.java","Tests"
"PerformanceTestOrmLite\src\de\greenrobot\performance\ormlite\SimpleEntityNotNull.java","Tests"
"tests\DaoTest\src\androidTest\java\org\greenrobot\greendao\daotest\query\CountQueryTest.java","Tests"
"DaoCore\src\main\java\org\greenrobot\greendao\AbstractDaoSession.java","Source Code"
"DaoTestBase\src\main\java\de\greenrobot\daotest2\KeepEntity.java","Tests"
"DaoCore\src\de\greenrobot\dao\Query.java","Source Code"
"DaoGenerator\src\de\greenrobot\daogenerator\QueryParam.java","Source Code"
"DaoTest\src-gen\de\greenrobot\daotest2\dao\ToManyTarget2Dao.java","Tests"
"PerformanceTests\Cupboard\src\androidTest\java\de\greenrobot\performance\cupboard\IndexedStringEntity.java","Tests"
"tests\DaoTestBase\src\main\java\org\greenrobot\greendao\daotest\AbcdefEntityDao.java","Tests"
"settings.gradle","Configuration"
"DaoCore\src\main\java\de\greenrobot\dao\AbstractDao.java","Source Code"
"tests\DaoTestEntityAnnotation\src\main\java\org\greenrobot\greendao\test\entityannotation\App.java","Tests"
"PerformanceTestOrmLite\.settings\org.eclipse.core.resources.prefs","Configuration"
"examples\DaoExample\src\main\java\org\greenrobot\greendao\example\NoteTypeConverter.java","Source Code"
"tests\DaoTestBase\src\main\java\org\greenrobot\greendao\daotest\SqliteMaster.java","Tests"
"DaoCore\src\main\Java\de\greenrobot\dao\internal\TableStatements.java","Source Code"
"DaoTest\src\androidTest\java\de\greenrobot\daotest\DbUtilsTest.java","Tests"
"DaoTest\src\androidTest\java\org\greenrobot\greendao\daotest\entity\IndexedStringEntityTest.java","Tests"
"DaoTest\src-gen\de\greenrobot\daotest\AutoincrementEntity.java","Tests"
"DaoCore\src\main\java\org\greenrobot\greendao\test\AbstractDaoTest.java","Tests"
"tests\DaoTest\src\androidTest\java\org\greenrobot\greendao\daotest\entity\StringKeyValueEntityIdentityScopeTest.java","Tests"
"PerformanceTestOrmLite\default.properties","Configuration"
"DaoTest\src\de\greenrobot\daotest\performance\target\ArrayUtils.java","Tests"
"DaoExample\src\main\res\layout\main.xml","Resources"
"DaoTestBase\src\main\java\org\greenrobot\greendao\daotest\ToManyEntity.java","Tests"
"DaoCore\src\de\greenrobot\dao\Property.java","Source Code"
"DaoGenerator\src\org\greenrobot\greendao\generator\PropertyOrderList.java","Source Code"
"greendao-api\src\main\java\org\greenrobot\greendao\annotation\ToMany.java","Source Code"
"DaoTest\src\main\java\de\greenrobot\daotest\SqliteMaster.java","Tests"
"DaoExample\src\main\res\mipmap-xxhdpi\ic_launcher.png","Resources"
"DaoTestPerformance\src\androidTest\java\de\greenrobot\daotest\performance\LoockupPerformanceTest.java","Tests"
"DaoCore\src\de\greenrobot\dao\AsyncSession.java","Source Code"
"DaoTestBase\src\main\java\org\greenrobot\greendao\daotest2\dao\DaoMaster.java","Tests"
"DaoTest\src-gen\de\greenrobot\daotest\CustomTypeEntity.java","Tests"
"DaoCore\settings.gradle","Configuration"
"DaoTestBase\src\main\java\de\greenrobot\daotest\SqliteMasterDao.java","Tests"
"DaoCore\src\de\greenrobot\dao\identityscope\IdentityScope.java","Source Code"
"DaoTest\src\androidTest\java\org\greenrobot\greendao\daotest\entity\AnActiveEntityMultithreadingTest.java","Tests"
"tests\DaoTestBase\src\main\java\org\greenrobot\greendao\daotest\TreeEntityDao.java","Tests"
"DaoCore\src\main\java\de\greenrobot\dao\database\DatabaseOpenHelper.java","Source Code"
"DaoTestBase\src\main\java\org\greenrobot\greendao\daotest2\specialentity\RelationSource2.java","Tests"
"tests\DaoTestPerformance\src\androidTest\java\org\greenrobot\greendao\performance\PerformanceTest.java","Tests"
"DaoTestBase\src\main\java\de\greenrobot\daotest\ToManyEntity.java","Tests"
"DaoExample\src\main\java\de\greenrobot\daoexample\CustomerDao.java","Source Code"
"DaoTestBase\src\main\java\de\greenrobot\daotest\CustomTypeEntityDao.java","Tests"
"DaoTest\src\de\greenrobot\daotest\DaoSessionConcurrentTest.java","Tests"
"DaoExample\.gitignore","Configuration"
"DaoTest\src-gen\de\greenrobot\daotest\CustomTypeEntityDao.java","Tests"
"DaoExampleGenerator\.classpath","Configuration"
"DaoTestBase\src\main\java\de\greenrobot\daotest2\dao\DaoSession.java","Tests"
"greendao-api\NOTICE","Documentation"
"tests\DaoTestPerformance\src\androidTest\java\org\greenrobot\greendao\performance\Benchmark.java","Tests"
"DaoTest\src-gen\de\greenrobot\daotest\ToManyTargetEntity.java","Tests"
"DaoTest\src\main\java\de\greenrobot\daotest2\KeepEntity.java","Tests"
"build.gradle","Configuration"
"DaoTestBase\src\main\java\de\greenrobot\daotest\entity\SimpleEntityNotNullHelper.java","Tests"
"DaoCore\src\main\Java\de\greenrobot\dao\async\AsyncDaoException.java","Source Code"
"DaoCore\src\main\Java\de\greenrobot\dao\converter\PropertyConverter.java","Source Code"
"DaoGenerator\src-template\encryption\entity.ftl","Resources"
"DaoExample\src\androidTest\Java\org\greenrobot\greendao\example\CustomerOrderTest.java","Tests"
"gradlew","Configuration"
"DaoTest\src\de\greenrobot\daotest\query\QuerySpecialNamesTest.java","Tests"
"tests\DaoTestBase\src\main\java\org\greenrobot\greendao\daotest2\to1_specialdao\ToOneTarget2Dao.java","Tests"
"DaoTest\src\androidTest\java\org\greenrobot\greendao\daotest\DbUtilsTest.java","Tests"
"DaoTest\src\androidTest\java\org\greenrobot\greendao\daotest\query\CountQueryTest.java","Tests"
"DaoTestBase\src\main\java\de\greenrobot\daotest\SimpleEntity.java","Tests"
"DaoTest\src\de\greenrobot\dao\test\ReflectionPerformanceTest.java","Tests"
"DaoGenerator\settings.gradle","Configuration"
"DaoCore\src\de\greenrobot\dao\internal\SqlUtils.java","Source Code"
"DaoExample\src\main\java\de\greenrobot\daoexample\NoteDao.java","Source Code"
"PerformanceTests\Realm\src\main\AndroidManifest.xml","Configuration"
"tests\DaoTestBase\src\main\java\org\greenrobot\greendao\daotest2\dao\ToManyTarget2Dao.java","Tests"
"PerformanceTests\Parse\src\main\java\de\greenrobot\performance\parse\MainActivity.java","Source Code"
"tests\DaoTest\src\androidTest\java\org\greenrobot\greendao\daotest\encrypted\EncryptionSimpleEntityTest.java","Tests"
"DaoTest\src\de\greenrobot\dao\test\TestEntityTest.java","Tests"
"DaoTest\src\androidTest\java\de\greenrobot\daotest\entity\AutoincrementEntityTest.java","Tests"
"DaoTest\src-gen\de\greenrobot\daotest\AbcdefEntityDao.java","Tests"
"DaoTest\src\androidTest\java\org\greenrobot\greendao\daotest\rx\RxTestHelper.java","Tests"
"tests\DaoTestBase\src\main\java\org\greenrobot\greendao\daotest\IndexedStringEntityDao.java","Tests"
"CONTRIBUTING.md","Documentation"
"DaoCore\src\de\greenrobot\dao\IdentityScopeLong.java","Source Code"
"DaoBase\src\de\greenrobot\dao\test\AbstractDaoTestSinglePk.java","Tests"
"DaoTest\src\main\java\de\greenrobot\daotest\SimpleEntityContentProvider.java","Tests"
"tests\DaoTestGenerator\src\org\greenrobot\greendao\generator\gentest\TestDaoGenerator.java","Tests"
"DaoTest\src\test\java\org\greenrobot\greendao\unittest\DaoMaster.java","Tests"
"gradlew.bat","Configuration"
"PerformanceTests\Common\src\main\AndroidManifest.xml","Configuration"
"DaoTest\src\test\java\de\greenrobot\dao\unittest\MinimalEntityTest.java","Tests"
"DaoTest\.gitignore","Configuration"
"DaoCore\src\main\java\de\greenrobot\dao\async\AsyncOperation.java","Source Code"
"tests\DaoTestBase\src\main\java\org\greenrobot\greendao\daotest\TestEntity.java","Tests"
"DaoTest\src-gen\de\greenrobot\daotest\AnActiveEntityDao.java","Tests"
"DaoTestBase\src\main\java\de\greenrobot\daotest\StringKeyValueEntity.java","Tests"
"DaoTestBase\src\main\java\org\greenrobot\greendao\daotest\CustomTypeEntityDao.java","Tests"
"tests\DaoTestEntityAnnotation\src\androidTest\java\org\greenrobot\greendao\test\entityannotation\TypesInInnerClassTest.java","Tests"
"DaoTestBase\src\main\java\de\greenrobot\daotest\TestEntity.java","Tests"
"DaoTest\src\androidTest\java\org\greenrobot\greendao\daotest\DbTestTest.java","Tests"
"DaoExample\libs\greendao-1.3.0-beta-1.jar","Configuration"
"DaoTest\src-gen\de\greenrobot\daotest2\to1_specialdao\ToOneTarget2Dao.java","Tests"
"tests\DaoTestEntityAnnotation\src\androidTest\java\org\greenrobot\greendao\test\entityannotation\CustomerOrderTest.java","Tests"
"tests\DaoTestBase\src\main\java\org\greenrobot\greendao\daotest\SimpleEntity.java","Tests"
"DaoTest\src\androidTest\java\de\greenrobot\daotest\performance\target\LongSparseArray.java","Tests"
"examples\DaoExample\src\main\java\org\greenrobot\greendao\example\Note.java","Source Code"
"DaoTestBase\src\main\java\de\greenrobot\daotest\SqliteMaster.java","Tests"
"tests\DaoTest\src\androidTest\java\org\greenrobot\greendao\daotest\query\QueryBuilderOrderTest.java","Tests"
"PerformanceTestOrmLite\lib\ormlite-android-4.24.jar","Configuration"
"DaoCore\src\main\java\org\greenrobot\greendao\query\CloseableListIterator.java","Source Code"