"io\src\main\java\org\red5\codec\ULAWAudio.java","Source Code"
"src\main\java\org\red5\server\api\stream\IStreamAwareScopeHandler.java","Source Code"
"src\main\java\org\red5\server\stream\bandwidth\IBandwidthDetection.java","Source Code"
"io\src\main\java\org\red5\io\object\UnsignedShort.java","Source Code"
"extras\audio\m4a\src\test\java\org\red5\io\m4a\impl\M4AReaderTest.java","Tests"
"common\src\main\java\org\red5\server\net\rtmp\codec\RTMPMinaProtocolDecoder.java","Source Code"
"src\main\java\org\red5\server\api\IConnection.java","Source Code"
"src\main\java\org\red5\server\stream\message\RTMPMessage.java","Source Code"
"server\src\main\server\conf\red5.properties","Configuration"
"src\test\resources\scripts\shell-tools.sh","Resources"
"src\main\java\org\red5\server\net\ICommand.java","Source Code"
"src\main\java\org\red5\server\api\remoting\IRemotingHeader.java","Source Code"
"src\main\server\webapps\installer\installer.swf","Resources"
"server\src\test\java\org\red5\test\selftest\ExternalizableClass.java","Tests"
"server\src\main\java\org\red5\server\net\remoting\codec\RemotingProtocolDecoder.java","Source Code"
"client\src\test\java\org\red5\client\util\PropertiesReader.java","Tests"
"io\src\main\java\org\red5\io\amf3\IDataOutput.java","Source Code"
"common\src\main\java\org\red5\server\net\rtmp\event\BaseEvent.java","Source Code"
"common\src\main\java\org\red5\server\stream\message\ResetMessage.java","Source Code"
"server\src\main\server\webapps\chat\swfobject.js","Source Code"
"src\test\resources\fixtures\test_cue1.flv","Resources"
"server\src\main\java\org\red5\server\stream\ITokenBucket.java","Source Code"
"extras\audio\mp3\src\main\java\org\red5\io\mp3\IMP3.java","Source Code"
"common\src\main\java\org\red5\server\api\statistics\IScopeStatistics.java","Source Code"
"src\main\java\org\red5\server\scheduling\QuartzSchedulingServiceJob.java","Source Code"
"client\src\test\java\org\red5\client\net\rtmp\codec\RTMPClientProtocolDecoderTest.java","Tests"
"common\src\main\java\org\red5\server\plugin\PluginDescriptor.java","Source Code"
"src\test\java\org\red5\test\Foo3.java","Tests"
"src\main\java\org\red5\server\util\UrlQueryStringMap.java","Source Code"
"src\main\server\webapps\root\demos\ofla_demo.swf","Resources"
"service\pom.xml","Configuration"
"server\src\main\server\webapps\vod\streams\red5.flv","Resources"
"common\src\main\java\org\red5\server\stream\message\RTMPMessage.java","Source Code"
"src\main\java\org\red5\server\net\rtmp\codec\MulticastEventProcessor.java","Source Code"
"io\src\test\java\org\red5\codec\AVCVideoTest.java","Tests"
"src\main\java\org\red5\server\net\rtmp\codec\RTMPMinaCodecFactory.java","Source Code"
"src\test\java\org\red5\spring\test_b.properties","Configuration"
"io\src\main\java\org\red5\io\utils\XMLUtils.java","Source Code"
"server\src\main\server\webapps\oflaDemo\jwplayer.js","Source Code"
"server\src\main\java\org\red5\net\websocket\server\WsRemoteEndpointImplServer.java","Source Code"
"src\test\java\org\red5\spring\test.properties","Configuration"
"src\main\server\webapps\root\demos\adminPanel.swf","Resources"
"src\main\java\org\red5\server\service\ServiceNotFoundException.java","Source Code"
"src\main\java\org\red5\server\jmx\mxbeans\ContextLoaderMXBean.java","Source Code"
"src\main\server\webapps\root\favicon.ico","Resources"
"src\test\webapp\WEB-INF\red5-web.xml","Configuration"
"src\main\server\webapps\oflaDemo\WEB-INF\red5-web.properties","Configuration"
"src\main\java\org\red5\server\script\groovy\GroovyScriptFactory.java","Source Code"
"io\src\main\java\org\red5\annotations\DeclareProtected.java","Source Code"
"server\src\main\server\webapps\root\demos\simpleBroadcaster.html","Resources"
"src\main\java\org\red5\classloading\QuartzClassLoadHelper.java","Source Code"
"common\src\main\java\org\red5\server\api\stream\IBroadcastStream.java","Source Code"
"src\main\java\org\red5\server\midi\SharedMidiObject.java","Source Code"
"src\main\java\org\red5\server\script\jython\JythonScriptFactory.java","Source Code"
"src\main\java\org\red5\server\adapter\IApplication.java","Source Code"
"src\test\java\org\red5\server\so\Complex.java","Tests"
"common\src\main\java\org\red5\server\api\so\IClientSharedObject.java","Source Code"
"common\src\main\java\org\red5\server\net\rtmp\event\ClientNotifyEvent.java","Source Code"
"src\main\server\webapps\installer\WEB-INF\red5-web.properties","Configuration"
"io\src\main\java\org\red5\compatibility\flex\messaging\messages\Message.java","Source Code"
"src\main\server\conf\password.properties","Configuration"
"io\src\main\java\org\red5\io\sctp\packet\SctpPacket.java","Source Code"
"io\src\main\java\org\red5\io\amf3\Output.java","Source Code"
"src\main\server\webapps\vod\framework_4.5.1.21328.swf","Resources"
"src\main\java\org\red5\server\net\IHandshake.java","Source Code"
"common\src\main\java\org\red5\server\net\rtmp\event\ClientBW.java","Source Code"
"common\src\main\java\org\red5\server\api\stream\IOnDemandStream.java","Source Code"
"src\test\resources\scripts\darwin\flash-player","Resources"
"server\src\main\server\webapps\root\demos\FITCSpeakerBroadcaster.swf","Resources"
"src\main\java\org\red5\server\api\stream\ISubscriberStream.java","Source Code"
"server\src\main\server\webapps\root\WEB-INF\red5-web.properties","Configuration"
"common\src\main\java\org\red5\server\api\service\IStreamSecurityService.java","Source Code"
"src\main\java\org\red5\server\api\service\IServiceHandlerProvider.java","Source Code"
"server\src\main\server\webapps\root\demos\simpleSubscriber.swf","Resources"
"common\src\main\java\org\red5\server\stream\IRecordingListener.java","Source Code"
"src\test\resources\fixtures\CuePointNavPointTest.flv","Resources"
"io\src\main\java\org\red5\io\ITag.java","Source Code"
"io\src\main\java\org\red5\compatibility\flex\messaging\io\ArrayCollection.java","Source Code"
"io\src\main\java\org\red5\io\object\UnsignedNumber.java","Source Code"
"server\src\main\server\webapps\chat\WEB-INF\classes\org\red5\demos\chat\WebSocketChatDataListener$1.class","Configuration"
"server\src\main\java\org\red5\net\websocket\server\WsHandshakeRequest.java","Source Code"
"common\src\main\java\org\red5\server\so\SharedObjectScope.java","Source Code"
"src\main\java\org\red5\server\api\stream\IStreamPacket.java","Source Code"
"server\src\main\java\org\red5\server\jmx\mxbeans\CoreHandlerMXBean.java","Source Code"
"server\src\main\server\webapps\live\WEB-INF\red5-web.xml","Configuration"
"server\src\test\java\org\red5\server\so\SOApplication.java","Tests"
"src\main\server\red5-debug.bat","Configuration"
"common\src\main\java\org\red5\server\net\rtmp\event\ServerBW.java","Source Code"
"server\src\main\java\org\red5\server\net\rtmpt\RTMPTConnection.java","Source Code"
"src\main\server\conf\logback.xml","Configuration"
"src\main\server\webapps\root\demos\index.html","Resources"
"src\test\resources\fixtures\sample.mp4","Resources"
"src\test\java\org\red5\spring\placeholder_context.xml","Configuration"
"src\main\java\org\red5\server\net\rtmp\status\RuntimeStatusObject.java","Source Code"
"server\src\main\java\org\red5\server\security\jaas\SimplePrincipal.java","Source Code"
"server\src\main\java\org\red5\server\adapter\Config.java","Source Code"
"io\src\test\resources\fixtures\ffmpeg","Resources"
"server\src\main\java\org\red5\server\security\jaas\SimpleLoginModule.java","Source Code"
"client\src\main\java\org\red5\client\net\rtmp\RTMPConnManager.java","Source Code"
"src\test\java\org\red5\spring\test_a.properties","Configuration"
"common\src\main\java\org\red5\server\net\rtmp\status\Status.java","Source Code"
"common\src\main\java\org\red5\logging\LoggingContextSelector.java","Source Code"
"src\main\server\webapps\root\demos\assets\expressInstall.swf","Resources"
"client\src\main\java\org\red5\client\net\ssl\SslSocketFactory.java","Source Code"
"common\src\main\java\org\red5\server\service\ReflectionUtils.java","Source Code"
"io\src\main\java\org\red5\io\amf\AMF.java","Source Code"
"src\test\java\org\red5\server\service\ExternalizableClass.java","Tests"
"common\src\main\java\org\red5\server\exception\ScopeShuttingDownException.java","Source Code"
"src\main\java\org\red5\server\net\rtmp\codec\RTMPProtocolDecoder.java","Source Code"
"src\test\resources\fixtures\131647.flv","Resources"
"io\src\main\java\org\red5\io\object\BaseInput.java","Source Code"
"src\main\java\org\red5\server\stream\AbstractStream.java","Source Code"
"io\src\test\resources\fixtures\bbb.mp4","Resources"
"src\main\java\org\red5\server\net\rtmp\event\SetBuffer.java","Source Code"
"common\src\main\java\org\red5\server\api\statistics\IClientBroadcastStreamStatistics.java","Source Code"
"src\test\java\org\red5\server\service\MetaDataTest.java","Tests"
"server\src\main\server\war\logback.xml","Configuration"
"io\src\main\java\org\red5\io\sctp\packet\chunks\InitAck.java","Source Code"
"server\src\main\java\org\red5\server\exception\SharedObjectException.java","Source Code"
"common\src\main\java\org\red5\server\messaging\IProvider.java","Source Code"
"src\main\java\org\red5\server\messaging\PipeUtils.java","Source Code"
"common\src\main\java\org\red5\server\net\rtmp\RTMPConnection.java","Source Code"
"src\main\java\org\red5\server\service\Call.java","Source Code"
"common\src\main\java\org\red5\server\util\FileUtil.java","Source Code"
"client\src\main\java\org\red5\client\net\ssl\SslServerSocketFactory.java","Source Code"
"server\src\main\server\webapps\root\cross-domain-policy.dtd","Configuration"
"src\main\server\plugins\juli-over-slf4j-1.6.1.jar","Configuration"
"server\src\main\java\org\red5\server\adapter\MultiThreadedApplicationAdapter.java","Source Code"
"src\main\java\org\red5\server\exception\ClientNotFoundException.java","Source Code"
"src\main\java\org\red5\server\net\rtmp\message\Constants.java","Source Code"
"service\src\main\daemon\jsvc notes.txt","Documentation"
"src\main\java\org\red5\server\api\scheduling\ISchedulingService.java","Source Code"
"server\src\main\server\webapps\oflaDemo\player.swf","Resources"
"server\src\main\java\org\red5\server\stream\FileStreamSource.java","Source Code"
"common\src\main\java\org\red5\server\stream\PlaylistSubscriberStream.java","Source Code"
"src\test\java\org\red5\server\stream\ServerStreamTest.java","Tests"
"src\test\java\org\red5\server\service\mp4\impl\MP4ReaderTest.java","Tests"
"client\src\main\java\org\red5\client\net\rtmp\RTMPClientConnManager.java","Source Code"
"client\src\test\java\org\red5\client\SharedObjectClient.java","Tests"
"src\main\server\webapps\root\demos\MessageRecorder.swf","Resources"
"client\src\main\java\org\red5\client\net\rtmp\BaseRTMPClientHandler.java","Source Code"
"src\test\java\org\red5\server\stream\CodecEnumTest.java","Tests"
"io\src\main\java\org\red5\io\sctp\packet\SctpHeader.java","Source Code"
"src\main\java\org\red5\server\stream\SingleItemSubscriberStream.java","Source Code"
"common\src\main\java\org\red5\server\LoaderBase.java","Source Code"
"common\src\main\java\org\red5\server\net\rtmp\message\Packet.java","Source Code"
"src\main\java\org\red5\server\jmx\JMXUtil.java","Source Code"
"server\src\main\server\webapps\root\demos\bwcheck.swf","Resources"
"server\src\main\java\org\red5\net\websocket\WebSocketConnection.java","Source Code"
"src\main\server\plugins\tomcat-embed-core.jar","Configuration"
"server\src\main\java\org\red5\server\net\rtmpt\RTMPTServlet.java","Source Code"
"server\src\main\server\webapps\SOSample\WEB-INF\web.xml","Configuration"
"common\src\main\java\org\red5\server\api\service\ISubscriberStreamService.java","Source Code"
"src\main\java\org\red5\server\jmx\mxbeans\RTMPMinaConnectionMXBean.java","Source Code"
"src\main\server\conf\web.xml","Configuration"
"src\main\java\org\red5\server\Shutdown.java","Source Code"
"server\src\main\server\webapps\live\WEB-INF\web.xml","Configuration"
"server\src\main\java\org\red5\server\tomcat\rtmps\RTMPSLoader.java","Source Code"
"client\src\test\java\org\red5\client\net\rtmps\RTMPTSClientTest.java","Tests"
"common\src\main\java\org\red5\server\api\so\ISharedObjectSecurityService.java","Source Code"
"src\main\server\webapps\installer\history\historyFrame.html","Resources"
"src\main\java\org\red5\server\net\remoting\codec\RemotingProtocolEncoder.java","Source Code"
"src\main\java\org\red5\server\api\stream\IPlaylistSubscriberStream.java","Source Code"
"server\src\main\server\webapps\vod\swfobject.js","Resources"
"src\main\java\org\red5\server\stream\ProviderService.java","Source Code"
"src\main\server\webapps\chat\simpleSOChat.swf","Resources"
"src\main\server\red5.bat","Configuration"
"server\src\main\server\webapps\SOSample\WEB-INF\red5-web.properties","Configuration"
"src\main\java\org\red5\server\adapter\AbstractScopeAdapter.java","Source Code"
"src\test\java\org\red5\server\net\RTMPUtilsTest.java","Tests"
"common\src\main\java\org\red5\server\api\scope\ScopeType.java","Source Code"
"io\src\main\java\org\red5\io\m4a\impl\M4A.java","Source Code"
"server\src\main\server\webapps\root\demos\index.html","Resources"
"io\src\main\java\org\red5\io\sctp\packet\chunks\StateCookie.java","Source Code"
"src\main\java\org\red5\server\net\rtmp\status\StatusCodes.java","Source Code"
"src\main\java\org\red5\server\jmx\mxbeans\ScopeMXBean.java","Source Code"
"server\src\main\java\org\red5\server\net\proxy\NetworkDumpFilter.java","Source Code"
"common\src\main\java\org\red5\server\net\rtmp\BaseRTMPHandler.java","Source Code"
"src\main\java\org\red5\server\jmx\mxbeans\RTMPConnectionMXBean.java","Source Code"
"common\src\main\java\org\red5\server\api\stream\IStreamPublishSecurity.java","Source Code"
"server\src\main\java\org\red5\server\stream\provider\FileProvider.java","Source Code"
"src\main\server\webapps\root\index.html","Resources"
"src\test\resources\logback-selftest.xml","Resources"
".github\PULL_REQUEST_TEMPLATE.md","Documentation"
"client\README.md","Documentation"
"server\src\main\java\org\red5\server\jmx\JMXUtil.java","Source Code"
"common\src\main\java\org\red5\server\jmx\mxbeans\RTMPMinaConnectionMXBean.java","Source Code"
"src\main\server\webapps\chat\swfobject.js","Resources"
"server\src\main\java\org\red5\net\websocket\server\DefaultWsServerContainer.java","Source Code"
"io\src\main\java\org\red5\io\isobmff\atom\ShortEsdsBox.java","Source Code"
"io\src\main\java\org\red5\compatibility\flex\messaging\messages\CommandMessageExt.java","Source Code"
"common\src\main\java\org\red5\server\messaging\IPassive.java","Source Code"
"common\src\main\java\org\red5\server\api\IApplicationContext.java","Source Code"
"src\main\java\org\red5\server\api\IServer.java","Source Code"
"common\src\main\java\org\red5\server\stream\bandwidth\ServerClientDetection.java","Source Code"
"io\src\main\java\org\red5\io\mp4\impl\MP4Reader.java","Source Code"
"io\src\main\java\org\red5\io\amf3\ByteArray.java","Source Code"
"client\src\main\java\org\red5\proxy\ClientType.java","Source Code"
"io\src\main\java\org\red5\io\matroska\ConverterException.java","Source Code"
"src\test\webapp\WEB-INF\red5-web.properties","Configuration"
"src\test\java\org\red5\server\scheduling\context.xml","Configuration"
"src\main\java\org\red5\server\net\rtmp\event\VideoData.java","Source Code"
"src\main\server\war\README.txt","Documentation"
"src\main\java\org\red5\server\jmx\mxbeans\CoreHandlerMXBean.java","Source Code"
"io\src\main\java\org\red5\io\utils\LEB128.java","Source Code"
"client\src\main\java\org\red5\proxy\StreamState.java","Source Code"
"common\src\main\java\org\red5\server\net\rtmp\event\ClientInvokeEvent.java","Source Code"
"FUNDING.yml","Configuration"
"client\src\main\resources\logback.xml","Resources"
"io\src\test\resources\fixtures\h264_mp3.flv","Resources"
"src\main\java\org\red5\server\net\rtmpt\RTMPTHandler.java","Source Code"
"src\main\server\war\red5-common.xml","Configuration"
"common\src\main\java\org\red5\server\api\persistence\IPersistenceStore.java","Source Code"
"common\src\main\java\org\red5\server\net\remoting\IRemotingCallback.java","Source Code"
"io\src\test\java\org\red5\io\TestVO.java","Tests"
"common\src\main\java\org\red5\server\jmx\mxbeans\ClientRegistryMXBean.java","Source Code"
"common\src\main\java\org\red5\server\api\stream\IStreamPacket.java","Source Code"
"src\test\java\org\red5\server\net\RTMPTestCase.java","Tests"
"src\main\java\org\red5\server\messaging\IProvider.java","Source Code"
"src\main\java\org\red5\server\api\stream\IStreamHandler.java","Source Code"
"src\main\server\red5-highperf.sh","Configuration"
"src\main\server\webapps\oflaDemo\jwplayer.js","Resources"
"src\test\resources\scripts\cygwin5\flash-player","Resources"
"src\main\java\org\red5\server\script\rhino\RhinoScriptUtils.java","Source Code"
"io\src\main\java\org\red5\io\object\RecordSet.java","Source Code"
"server\src\main\java\org\red5\server\net\rtmps\RTMPSMinaIoHandler.java","Source Code"
"src\main\java\org\red5\server\net\rtmp\event\Unknown.java","Source Code"
"common\src\main\java\org\red5\server\service\PendingCall.java","Source Code"
"server\src\main\server\conf\realm.properties","Configuration"
"src\main\java\org\red5\server\api\stream\IBroadcastStreamService.java","Source Code"
"src\test\resources\fixtures\h264_aac.flv","Resources"
"common\src\main\java\org\red5\server\api\stream\IStreamableFileFactory.java","Source Code"
"src\test\resources\scripts\take-screenshot","Resources"
"src\main\server\webapps\root\demos\simpleRecorder.html","Resources"
"src\main\java\org\red5\server\scheduling\ApplicationSchedulingService.java","Source Code"
"server\src\main\server\webapps\chat\playerProductInstall.swf","Resources"
"src\test\resources\org\red5\server\stream\provider\FileProviderTest.xml","Resources"
"common\src\main\java\org\red5\server\api\scope\IScopeHandler.java","Source Code"
"src\main\java\org\red5\server\net\rtmp\event\ClientNotifyEvent.java","Source Code"
"client\src\main\java\org\red5\client\net\rtmpe\RTMPEIoFilter.java","Source Code"
"server\src\main\java\org\red5\server\tomcat\TomcatVHostLoader.java","Source Code"
"io\src\main\java\org\red5\io\matroska\dtd\Tag.java","Source Code"
"common\src\main\java\org\red5\server\net\rtmp\DeferredResult.java","Source Code"
"io\src\main\java\org\red5\io\m4a\IM4A.java","Source Code"
"server\src\main\java\org\red5\server\jmx\mxbeans\ConnectionMXBean.java","Source Code"
"red5-server.code-workspace","Configuration"
"io\src\main\java\org\red5\io\matroska\dtd\FloatTag.java","Source Code"
"src\main\java\org\red5\server\plugin\PluginDescriptor.java","Source Code"
"src\main\server\conf\realm.properties","Configuration"
"common\src\main\java\org\red5\server\net\rtmp\RTMPUtils.java","Source Code"
"common\src\main\java\org\red5\server\api\IConnection.java","Source Code"
"server\src\main\java\org\red5\server\net\servlet\RedirectHTTPServlet.java","Source Code"
"io\src\main\java\org\red5\compatibility\flex\messaging\messages\AsyncMessageExt.java","Source Code"
"io\src\test\resources\fixtures\flashContent1.flv","Resources"
"src\main\java\org\red5\server\messaging\IPipe.java","Source Code"
"src\main\java\org\red5\server\api\stream\IClientStream.java","Source Code"
"src\test\resources\fixtures\test_cue3.flv","Resources"
"io\src\main\java\org\red5\io\sctp\SctpServerChannel.java","Source Code"
"src\main\java\org\red5\server\adapter\StatefulScopeWrappingAdapter.java","Source Code"
"src\main\server\conf\no-jee-container.xml","Configuration"
"client\src\main\java\org\red5\client\StreamRelay.java","Source Code"
"src\main\java\org\red5\server\stream\ISeekableProvider.java","Source Code"
"src\test\java\org\red5\server\FilenameGenerator.java","Tests"
"src\main\java\org\red5\server\stream\IProviderService.java","Source Code"
"src\test\java\org\red5\server\scope\ScopeTest.xml","Configuration"
"src\main\java\org\red5\server\net\rtmp\Channel.java","Source Code"
"src\test\resources\scripts\red5","Resources"
"src\main\java\org\red5\server\stream\ClientBroadcastStream.java","Source Code"
"server\src\main\java\org\red5\server\net\proxy\ProxyFilter.java","Source Code"
"src\main\java\org\red5\server\net\rtmp\status\Status.java","Source Code"
"extras\audio\mp3\src\test\resources\p-ok.mp3","Resources"
"common\src\test\java\org\red5\server\net\rtmp\codec\TestRTMPProtocolDecoder.java","Tests"
"server\src\main\java\org\red5\server\api\scope\IScopeResolver.java","Source Code"
"src\main\java\org\red5\server\util\ServerDetector.java","Source Code"
"io\src\main\java\org\red5\compatibility\flex\messaging\messages\AbstractMessage.java","Source Code"
"io\src\main\java\org\red5\io\object\ICustomSerializable.java","Source Code"
"io\src\main\java\org\red5\io\sctp\packet\chunks\ChunkType.java","Source Code"
"server\src\main\java\org\red5\net\websocket\WebSocketScopeManager.java","Source Code"
"server\src\main\java\org\red5\server\jmx\mxbeans\WebScopeMXBean.java","Source Code"
"src\main\java\org\red5\server\jmx\mxbeans\ClientMXBean.java","Source Code"
"servlet\src\main\java\org\red5\server\net\FlexMessagingService.java","Source Code"
"src\main\server\webapps\installer\AC_OETags.js","Resources"
"src\main\java\org\red5\server\statistics\StatisticsService.java","Source Code"
"server\src\test\resources\logback-test.xml","Resources"
"src\main\java\org\red5\server\stream\RecordingListener.java","Source Code"
"server\src\main\server\webapps\oflaDemo\WEB-INF\classes\demoservice.rb","Configuration"
"src\test\resources\fixtures\CuePointTest.flv","Resources"
"io\src\test\java\org\red5\io\sctp\SCTPTest.java","Tests"
"server\src\main\server\webapps\red5-default.xml","Configuration"
"io\src\test\resources\fixtures\ipadmini-A7.flv","Resources"
"io\src\test\resources\fixtures\test_480_aac.f4v","Resources"
"src\main\server\plugins\tomcat-embed-core-7.0.50.jar","Configuration"
"src\main\java\org\red5\server\api\service\IServiceHandlerProviderAware.java","Source Code"
"src\main\java\org\red5\server\midi\MidiPlayer.java","Source Code"
"src\main\java\org\red5\server\net\remoting\IRemotingCallback.java","Source Code"
"src\main\java\org\red5\server\scope\BroadcastScope.java","Source Code"
"src\main\server\plugins\ecj-4.4.jar","Configuration"
"src\main\java\org\red5\server\stream\consumer\FileConsumer.java","Source Code"
"src\main\java\org\red5\server\net\remoting\message\RemotingCall.java","Source Code"
"common\src\main\java\org\red5\server\stream\StreamNotFoundException.java","Source Code"
"io\src\test\java\org\red5\io\utils\IOUtilsTest.java","Tests"
"src\main\java\org\red5\server\util\ScopeUtils.java","Source Code"
"io\src\main\java\org\red5\io\utils\HexDump.java","Source Code"
"src\main\java\org\red5\server\service\PendingCall.java","Source Code"
"server\src\main\server\webapps\oflaDemo\WEB-INF\classes\demoservice.py","Configuration"
"io\src\test\java\org\red5\codec\SorensonVideoTest.java","Tests"
"io\src\main\java\org\red5\io\amf\Input.java","Source Code"
"rtmps.txt","Documentation"
"src\main\server\webapps\root\demos\BallControl.html","Resources"
"src\main\resources\red5_codeformat_eclipse.xml","Resources"
"src\main\server\plugins\websocket-1.2.jar","Configuration"
"server\src\main\java\org\red5\server\exception\StreamControlException.java","Source Code"
"server\src\main\java\org\red5\server\service\ContextServiceResolver.java","Source Code"
"src\main\java\org\red5\server\net\rtmp\event\SWFResponse.java","Source Code"
"common\src\main\java\org\red5\server\api\so\ISharedObjectSecurity.java","Source Code"
"io\src\main\java\org\red5\io\matroska\parser\TagHandler.java","Source Code"
"src\main\java\org\red5\server\jmx\mxbeans\AttributeStoreMXBean.java","Source Code"
"common\src\main\java\org\red5\server\net\rtmp\message\Constants.java","Source Code"
"src\main\java\org\red5\server\net\IConnectionEventQueue.java","Source Code"
"io\src\main\java\org\red5\io\amf3\IExternalizable.java","Source Code"
"src\main\server\plugins\websocket-1.4.jar","Configuration"
"src\main\java\org\red5\server\api\stream\IRtmpSampleAccess.java","Source Code"
"src\main\java\org\red5\server\stream\FileStreamSource.java","Source Code"
"src\main\server\webapps\root\demos\bwcheck.html","Resources"
"client\src\test\java\org\red5\client\net\rtmp\FBLiveConnectTest.java","Tests"
"io\src\main\java\org\red5\io\matroska\parser\MatroskaParser.java","Source Code"
"src\main\server\webapps\chat\playerProductInstall.swf","Resources"
"src\main\server\plugins\tomcatplugin-1.7.jar","Configuration"
"src\main\java\org\red5\server\stream\RtmpSampleAccess.java","Source Code"
"common\src\main\java\org\red5\server\scheduling\JDKSchedulingServiceJob.java","Source Code"
"server\src\main\java\org\red5\server\net\rtmp\RTMPConnManager.java","Source Code"
"src\main\java\org\red5\server\service\mp4\impl\MP4Service.java","Source Code"
"client\src\test\java\org\red5\client\ClientTest.java","Tests"
"server\src\main\server\webapps\root\favicon.ico","Resources"
"extras\audio\mp3\src\main\java\org\red5\io\mp3\impl\MP3.java","Source Code"
"servlet\src\main\java\org\red5\server\net\remoting\message\RemotingCall.java","Source Code"
"server\src\main\java\org\red5\server\net\servlet\AMFTunnelServlet.java","Source Code"
"src\main\java\org\red5\server\Bootstrap.java","Source Code"
"src\main\java\org\red5\server\api\persistence\PersistenceUtils.java","Source Code"
"src\main\java\org\red5\server\net\servlet\ServletUtils.java","Source Code"
"server\src\main\server\webapps\vod\textLayout_2.0.0.232.swf","Resources"
"server\src\main\java\org\red5\server\security\IRed5Realm.java","Source Code"
"server\src\main\server\webapps\root\demos\xrayconnector.swf","Resources"
"src\test\java\org\red5\server\service\testcontext.xml","Resources"
"server\src\main\java\org\red5\server\messaging\PipeUtils.java","Source Code"
"src\test\java\org\red5\server\script\ScriptEngineTest.java","Tests"
"src\main\server\conf\red5.globals","Configuration"
"src\main\server\webapps\oflaDemo\index.html","Resources"
"src\main\java\org\red5\spring\Red5ApplicationContext.java","Source Code"
"src\test\resources\org\red5\server\scope\ScopeTest.xml","Resources"
"io\src\main\java\org\red5\io\matroska\dtd\BinaryTag.java","Source Code"
"src\main\java\org\red5\server\util\HttpConnectionUtil.java","Source Code"
"io\src\test\resources\fixtures\mov_h264.mp4","Resources"
"client\src\test\java\org\red5\client\net\rtmp\ClientMethodHander.java","Tests"
"src\main\server\war\beanRefContext.xml","Configuration"
"src\main\java\org\red5\server\messaging\PipeConnectionEvent.java","Source Code"
"common\src\main\java\org\red5\server\api\service\IServiceInvoker.java","Source Code"
"server\src\main\server\webapps\root\favicon.png","Resources"
"common\src\test\java\org\red5\test\selftest\RemoteClass.java","Tests"
"src\test\java\org\red5\server\service\CuePointInjectionTest.java","Tests"
"src\main\java\org\red5\server\Server.java","Source Code"
"server\src\main\server\red5-shutdown.sh","Configuration"
"src\main\java\org\red5\server\service\ContextServiceResolver.java","Source Code"
"src\main\java\org\red5\server\net\rtmpt\codec\RTMPTProtocolDecoder.java","Source Code"
"src\main\server\webapps\oflaDemo\player.swf","Resources"
"common\src\main\java\org\red5\server\api\stream\IRtmpSampleAccess.java","Source Code"
"common\src\main\java\org\red5\server\api\event\IEventObservable.java","Source Code"
"src\main\server\webapps\live\WEB-INF\red5-web.xml","Configuration"
"server\src\main\server\webapps\oflaDemo\streams\thx_deep_note_360p.mp4","Resources"
"server\src\main\java\org\red5\server\api\stream\IStreamHandler.java","Source Code"
"src\test\java\org\red5\server\so\SharedObjectTest.xml","Configuration"
"src\main\java\org\red5\server\net\rtmp\ReceivedMessageTask.java","Source Code"
"src\main\server\webapps\root\demos\RemotingTest.swf","Resources"
"common\src\main\java\org\red5\server\stream\ClientBroadcastStream.java","Source Code"
"src\main\server\webapps\root\crossdomain.xml","Configuration"
"common\src\main\java\org\red5\server\net\servlet\ServletUtils.java","Source Code"
"server\src\main\server\conf\no-jee-container.xml","Configuration"
"common\src\test\java\org\red5\server\net\rtmp\TestRTMPConnection.java","Tests"
"src\main\server\red5-shutdown.bat","Configuration"
"src\main\java\org\red5\classloading\ClassLoaderBuilder.java","Source Code"
"src\main\java\org\red5\server\api\IClientRegistry.java","Source Code"
"server\src\main\server\webapps\root\demos\SimpleChat.html","Resources"
"common\src\main\java\org\red5\server\exception\ClientDetailsException.java","Source Code"
"common\src\main\java\org\red5\server\stream\bandwidth\IBandwidthDetection.java","Source Code"
"io\src\test\resources\fixtures\h264_aac.flv","Resources"
"server\src\main\java\org\red5\server\plugin\Red5Plugin.java","Source Code"
"common\src\main\java\org\red5\server\stream\StreamableFileFactory.java","Source Code"
"src\main\java\org\red5\server\net\rtmp\event\ClientBW.java","Source Code"
"common\src\main\java\org\red5\server\api\IMappingStrategy.java","Source Code"
"io\src\main\java\org\red5\io\object\DataTypes.java","Source Code"
"src\main\java\org\red5\server\stream\ITokenBucketService.java","Source Code"
"server\src\main\java\org\red5\server\adapter\ApplicationLifecycle.java","Source Code"
"src\main\java\org\red5\server\net\rtmp\event\Invoke.java","Source Code"
"server\src\main\java\org\red5\net\websocket\server\UpgradeUtil.java","Source Code"
"src\main\java\org\red5\server\jmx\mxbeans\LoaderMXBean.java","Source Code"
"server\src\main\server\webapps\chat\WEB-INF\red5-web.properties","Configuration"
"server\src\main\java\org\red5\net\websocket\server\WsHttpUpgradeHandler.java","Source Code"
"client\src\main\java\org\red5\client\PublishModes.java","Source Code"
"src\main\java\org\red5\server\net\proxy\ProxyFilter.java","Source Code"
"src\main\java\org\red5\server\messaging\IMessageInput.java","Source Code"
"src\test\resources\fixtures\h264_mp3.flv","Resources"
"server\src\main\server\conf\red5.xml","Configuration"
"io\src\test\java\org\red5\io\utils\XMLUtilsTest.java","Tests"
"src\main\server\webapps\oflaDemo\streams\thx_deep_note_360p.mp4","Resources"
"io\src\main\java\org\red5\io\utils\ObjectMap.java","Source Code"
"src\test\java\org\red5\logging\Red5LoggerFactoryTest.java","Tests"
"server\src\main\server\webapps\root\demos\publisher.html","Resources"
"src\main\java\org\red5\server\net\rtmp\event\CachedEvent.java","Source Code"
"io\src\main\java\org\red5\io\object\UnsignedLong.java","Source Code"
"src\main\server\webapps\installer\history\history.js","Resources"
"src\main\java\org\red5\server\api\statistics\IScopeStatistics.java","Source Code"
"src\main\java\org\red5\logging\Red5LoggerFactory.java","Source Code"
"src\main\java\org\red5\server\net\proxy\DebugProxyHandler.java","Source Code"
"src\test\java\org\red5\server\service\MetaDataInjectionTest.java","Tests"
"src\main\java\org\red5\server\api\stream\ISingleItemSubscriberStream.java","Source Code"
"src\main\java\org\red5\server\stream\bandwidth\ClientServerDetection.java","Source Code"
"src\main\server\webapps\root\logo.png","Resources"
"server\src\main\server\webapps\root\gc.jsp","Source Code"
"src\main\server\webapps\oflaDemo\WEB-INF\red5-web.xml","Configuration"
"service\src\main\assembly\daemon.xml","Configuration"
"server\src\main\server\webapps\oflaDemo\streams\the_rise_of_skywalker_360p.mp4","Resources"
"src\main\java\org\red5\server\util\FileUtil.java","Source Code"
"common\src\main\java\org\red5\server\net\rtmp\status\StatusCodes.java","Source Code"
"server\src\main\server\webapps\vod\miniplayer.swf","Resources"
"src\test\resources\scripts\linux\multitest","Resources"
"common\src\main\java\org\red5\server\net\rtmp\event\BytesRead.java","Source Code"
"src\test\java\org\red5\server\net\rtmp\message\HeaderTest.java","Tests"
"io\src\main\resources\org\red5\io\matroska\dtd\matroska_type_by_id_definition.properties","Configuration"
"server\src\main\server\webapps\oflaDemo\WEB-INF\classes\demoservice.js","Configuration"
"server\src\test\resources\fixtures\test.flv","Resources"
"common\src\main\java\org\red5\server\adapter\StatefulScopeWrappingAdapter.java","Source Code"
"src\main\server\plugins\tomcat-embed-logging-log4j-7.0.50.jar","Configuration"
"src\test\java\org\red5\server\net\context.xml","Configuration"
"server\src\main\server\webapps\root\demos\adminPanel.swf","Resources"
"src\main\java\org\red5\server\messaging\ServiceAdapter.java","Source Code"
"io\src\test\resources\fixtures\MOV1.MOV","Resources"
"src\main\server\plugins\websocket-1.5.jar","Configuration"
"common\src\main\java\org\red5\server\net\rtmp\codec\IEventEncoder.java","Source Code"
"server\src\main\java\org\red5\server\net\rtmp\codec\RTMPMinaCodecFactory.java","Source Code"
"common\src\main\java\org\red5\server\api\stream\ISingleItemSubscriberStream.java","Source Code"
"server\src\main\java\org\red5\server\adapter\ApplicationAdapter.java","Source Code"
"src\main\java\org\red5\server\service\flv\impl\FLVService.java","Source Code"
"common\src\main\java\org\red5\server\api\stream\IPlaylistSubscriberStream.java","Source Code"
"src\main\java\org\red5\server\api\plugin\IRed5PluginHandler.java","Source Code"
"src\main\server\webapps\root\demos\BallControl.swf","Resources"
"server\src\main\server\plugins\Readme.md","Documentation"
"src\main\java\org\red5\server\messaging\AbstractMessage.java","Source Code"
"src\test\java\org\red5\server\stream\NoSyncServerStream.java","Tests"
"server\src\main\java\org\red5\logging\DerbyLogInterceptor.java","Source Code"
"io\src\main\java\org\red5\io\object\Flag.java","Source Code"
"src\main\java\org\red5\spring\ExtendedPropertyPlaceholderConfigurer.java","Source Code"
"src\test\resources\scripts\darwin\multitest","Resources"
"common\src\main\java\org\red5\server\api\ICastingAttributeStore.java","Source Code"
"io\src\test\java\org\red5\io\webm\WebmTest.java","Tests"
"src\main\java\org\red5\server\api\event\IEventDispatcher.java","Source Code"
"common\src\main\java\org\red5\server\stream\AbstractClientStream.java","Source Code"
"common\src\main\java\org\red5\server\stream\ISeekableProvider.java","Source Code"
"common\src\main\java\org\red5\server\messaging\IPushableConsumer.java","Source Code"
"src\main\java\org\red5\server\scope\RoomScope.java","Source Code"
"server\src\main\server\war\build_war.properties","Configuration"
"src\main\java\org\red5\server\api\scope\ScopeType.java","Source Code"
"io\src\test\java\org\red5\test\Foo3.java","Tests"
"src\main\java\org\red5\server\adapter\ApplicationLifecycle.java","Source Code"
"src\main\java\org\red5\server\messaging\IPassive.java","Source Code"
"io\src\test\resources\fixtures\p-err.mp3","Resources"
"src\main\server\webapps\oflaDemo\WEB-INF\classes\demoservice.js","Configuration"
"server\src\main\java\org\red5\server\scope\GlobalScope.java","Source Code"
"src\test\java\org\red5\server\DummyClient.java","Tests"
"io\src\test\resources\fixtures\sample.m4a","Resources"
"io\src\main\java\org\red5\compatibility\flex\messaging\messages\AcknowledgeMessage.java","Source Code"
"src\main\server\webapps\root\gc.jsp","Source Code"
"server\src\main\server\webapps\oflaDemo\index.html","Resources"
"common\src\main\java\org\red5\server\messaging\AbstractPipe.java","Source Code"
"client\src\main\java\org\red5\client\net\ssl\BogusTrustManagerFactory.java","Source Code"
"server\src\main\server\webapps\chat\WEB-INF\web.xml","Configuration"
"common\src\main\java\org\red5\server\api\listeners\AbstractConnectionListener.java","Source Code"
"common\src\main\java\org\red5\server\stream\OutputStream.java","Source Code"
"src\main\server\conf\keystore.jmx","Configuration"
"src\main\java\org\red5\server\net\IConnectionManager.java","Source Code"
"common\src\main\java\org\red5\server\exception\ClientRejectedException.java","Source Code"
"extras\audio\m4a\src\main\java\org\red5\server\service\m4a\impl\M4AService.java","Source Code"
"server\src\main\assembly\demos.xml","Configuration"
"src\main\java\org\red5\server\net\rtmp\RTMPHandler.java","Source Code"
"server\src\main\server\webapps\chat\WEB-INF\classes\logback-chat.xml","Configuration"
"common\src\main\java\org\red5\server\so\SharedObjectService.java","Source Code"
"io\src\test\java\org\red5\io\AMF3IOTest.java","Tests"
"src\main\server\plugins\ecj-4.5.jar","Configuration"
"src\main\java\org\red5\server\service\m4a\impl\M4AService.java","Source Code"
"client\src\test\java\org\red5\client\net\rtmpe\RTMPEClientTest.java","Tests"
"common\src\main\java\org\red5\server\stream\StreamService.java","Source Code"
"common\src\main\java\org\red5\server\net\rtmp\codec\IEventDecoder.java","Source Code"
"servlet\src\main\java\org\red5\server\net\RemotingConnection.java","Source Code"
"src\main\server\webapps\chat\WEB-INF\classes\org\red5\demos\chat\Router$1.class","Configuration"
"src\main\java\org\red5\server\api\ICastingAttributeStore.java","Source Code"
"src\main\java\org\red5\server\api\stream\support\StreamUtils.java","Source Code"
"io\src\test\java\org\red5\io\m4a\impl\M4AReaderTest.java","Tests"
"server\src\test\java\org\red5\server\scope\ScopeTest.java","Tests"
"server\src\main\server\red5-shutdown.bat","Configuration"
"src\main\java\org\red5\server\Launcher.java","Source Code"
"src\main\java\org\red5\server\net\rtmp\event\StreamActionEvent.java","Source Code"
"common\src\main\java\org\red5\server\api\stream\ResourceExistException.java","Source Code"
"common\src\main\java\org\red5\server\api\scheduling\ISchedulingService.java","Source Code"
"io\src\main\java\org\red5\io\flv\impl\Tag.java","Source Code"
"server\src\main\java\org\red5\server\session\SessionManager.java","Source Code"
"common\README.md","Documentation"
"src\main\java\org\red5\server\plugin\Red5Plugin.java","Source Code"
"extras\audio\m4a\src\main\java\org\red5\server\service\m4a\IM4AService.java","Source Code"
"src\main\java\org\red5\server\stream\ISeekableStreamSource.java","Source Code"
"src\main\java\org\red5\server\api\statistics\IStatisticsBase.java","Source Code"
"common\src\main\java\org\red5\server\api\ICoreObject.java","Source Code"
"common\src\main\java\org\red5\server\stream\VideoCodecFactory.java","Source Code"
"src\main\java\org\red5\server\net\rtmpt\BaseRTMPTConnection.java","Source Code"
"src\main\java\org\red5\server\so\ISharedObjectMessage.java","Source Code"
"client\src\test\java\org\red5\client\net\rtmp\YouTubeConnectTest.java","Tests"
"io\src\main\java\org\red5\io\ITagWriter.java","Source Code"
"common\src\main\java\org\red5\server\api\stream\IStreamAwareScopeHandler.java","Source Code"
"server\src\main\java\org\red5\server\service\flv\impl\FLVService.java","Source Code"
"server\src\main\server\webapps\oflaDemo\WEB-INF\red5-web.properties","Configuration"
"src\test\java\org\red5\test\selftest\ExternalizableClass.java","Tests"
"src\main\server\war\web.xml","Configuration"
"common\src\main\java\org\red5\server\service\IServiceResolver.java","Source Code"
"server\src\test\java\org\red5\net\websocket\WebSocketServerTest.java","Tests"
"server\src\main\server\webapps\SOSample\META-INF\maven\org.red5\red5-example-SOSample\pom.xml","Configuration"
"src\main\java\org\red5\server\api\scope\IScopeResolver.java","Source Code"
"service\src\main\daemon\install-service.bat","Configuration"
"server\src\main\java\org\red5\server\net\servlet\AMFGatewayServlet.java","Source Code"
"io\src\main\java\org\red5\io\flv\impl\FLVMetaData_Template.xml","Resources"
"src\main\java\org\red5\server\stream\AbstractClientStream.java","Source Code"
"server\src\main\java\org\red5\server\tomcat\TomcatLoader.java","Source Code"
"src\main\java\org\red5\server\api\stream\IVideoStreamCodec.java","Source Code"
"io\src\main\java\org\red5\compatibility\flex\messaging\messages\AuthenticationMessage.java","Source Code"
"io\src\test\java\org\red5\io\matroska\VintTest.java","Tests"
"io\src\main\java\org\red5\io\sctp\SctpServerChanneOverUDP.java","Source Code"
"common\src\main\java\org\red5\server\stream\VideoFrameDropper.java","Source Code"
"src\main\java\org\red5\server\LoaderBase.java","Source Code"
"server\src\main\java\org\red5\net\websocket\listener\IWebSocketScopeListener.java","Source Code"
"server\src\main\java\org\red5\server\messaging\ServiceAdapter.java","Source Code"
"src\main\java\org\red5\server\net\rtmp\RTMPChannelFilter.java","Source Code"
"io\src\main\java\org\red5\io\object\UnsignedInt.java","Source Code"
"src\main\java\org\red5\server\service\mp3\IMP3Service.java","Source Code"
"server\src\main\java\org\red5\server\statistics\StatisticsService.java","Source Code"
"io\src\main\java\org\red5\io\amf\Output.java","Source Code"
"src\test\webapp\streams\testvid.flv","Resources"
"server\src\main\java\org\red5\server\api\stream\IStreamSecurityService.java","Source Code"
"src\test\resources\scripts\linux\take-screenshot","Resources"
"io\src\test\java\org\red5\io\FileKeyFrameMetaCacheTest.java","Tests"
"io\src\main\java\org\red5\io\object\UnsignedByte.java","Source Code"
"src\main\java\org\red5\server\PersistableAttributeStore.java","Source Code"
"server\src\main\java\org\red5\server\stream\PlayBuffer.java","Source Code"
"common\src\main\java\org\red5\server\jmx\mxbeans\ShutdownMXBean.java","Source Code"
"src\main\java\org\red5\server\stream\IStreamSource.java","Source Code"
"src\test\java\org\red5\server\stream\PlayBufferTest.java","Tests"
"src\main\server\plugins\tomcat-embed-jasper.jar","Configuration"
"server\src\main\server\conf\logback.xml","Configuration"
"src\main\java\org\red5\server\api\IClient.java","Source Code"
"src\main\java\org\red5\server\api\listeners\IConnectionListener.java","Source Code"
"src\main\java\org\red5\server\api\so\ISharedObjectHandlerProvider.java","Source Code"
"src\main\java\org\red5\server\net\rtmpe\RTMPEIoFilter.java","Source Code"
"client\src\main\java\org\red5\client\net\rtmpt\RTMPTClient.java","Source Code"
"common\src\main\java\org\red5\server\api\stream\IStreamPlaybackSecurity.java","Source Code"
"client\src\test\java\org\red5\client\net\rtmp\RTMPHandshakeTest.java","Tests"
"src\main\assembly\server.xml","Configuration"
"server\src\main\java\org\red5\server\net\rtmp\IRTMPConnManager.java","Source Code"
"server\src\main\java\org\red5\server\net\proxy\DebugProxyHandler.java","Source Code"
"common\src\main\java\org\red5\server\api\service\IServiceHandlerProvider.java","Source Code"
"src\main\server\webapps\chat\WEB-INF\classes\org\red5\demos\chat\Router$SOListener.class","Configuration"
"io\src\main\java\org\red5\io\utils\IOUtils.java","Source Code"
"common\src\main\java\org\red5\server\api\statistics\ISharedObjectStatistics.java","Source Code"
"io\src\main\java\org\red5\io\sctp\packet\chunks\ChunkFactory.java","Source Code"
"src\main\java\org\red5\server\api\scheduling\IScheduledJob.java","Source Code"
"io\src\main\java\org\red5\codec\ScreenVideo2.java","Source Code"
"common\src\main\java\org\red5\server\net\rtmp\codec\RTMPProtocolDecoder.java","Source Code"
"src\main\java\org\red5\server\api\stream\IStreamableFile.java","Source Code"
"client\src\test\resources\Readme.md","Documentation"
"src\main\java\org\red5\server\service\m4a\IM4AService.java","Source Code"
"src\test\java\org\red5\net\websocket\WebSocketServerTest.java","Tests"
"io\src\main\java\org\red5\io\flv\meta\IMeta.java","Source Code"
"src\test\java\org\red5\server\so\SharedObjectTest.java","Tests"
"io\src\test\java\org\red5\io\mp4\MP4FrameTest.java","Tests"
"src\main\java\org\red5\server\api\service\IStreamSecurityService.java","Source Code"
"red5-eclipse-format.xml","Configuration"
"extras\audio\mp3\src\main\java\org\red5\server\service\mp3\IMP3Service.java","Source Code"
"src\main\java\org\red5\server\jmx\mxbeans\GlobalScopeMXBean.java","Source Code"
"src\main\server\plugins\ecj-4.4.2.jar","Configuration"
"servlet\src\main\java\org\red5\server\net\servlet\AMFGatewayServlet.java","Source Code"
"src\main\java\org\red5\server\stream\message\ResetMessage.java","Source Code"
"server\src\main\java\org\red5\server\messaging\InMemoryPullPullPipe.java","Source Code"
"common\src\main\java\org\red5\server\api\statistics\support\StatisticsCounter.java","Source Code"
"extras\audio\mp3\src\test\java\org\red5\io\mp3\impl\MP3ReaderTest.java","Tests"
"common\src\main\java\org\red5\server\net\rtmp\RTMPHandshake.java","Source Code"
"src\test\java\org\red5\server\ServerTest.java","Tests"
"src\main\java\org\red5\server\so\FlexSharedObjectMessage.java","Source Code"
"io\src\main\java\org\red5\io\matroska\dtd\TagFactory.java","Source Code"
"common\src\main\java\org\red5\server\stream\IFrameDropper.java","Source Code"
"src\main\java\org\red5\server\service\ShutdownServer.java","Source Code"
"common\src\main\java\org\red5\server\messaging\IMessageInput.java","Source Code"
"server\src\main\java\org\red5\server\net\rtmp\RTMPChannelFilter.java","Source Code"
"src\test\resources\scripts\cygwin5\take-screenshot","Resources"
"common\src\main\java\org\red5\server\stream\IStreamTypeAwareProvider.java","Source Code"
"io\src\main\java\org\red5\annotations\DontSerialize.java","Source Code"
"server\src\main\java\org\red5\server\util\UrlQueryStringMap.java","Source Code"
"common\src\main\java\org\red5\server\api\stream\support\SimplePlayItem.java","Source Code"
"src\main\java\org\red5\server\api\scope\IScopeHandler.java","Source Code"
"src\main\java\org\red5\server\net\rtmp\DeferredResult.java","Source Code"
"common\src\main\java\org\red5\server\so\SharedObjectMessage.java","Source Code"
"src\main\java\org\red5\server\jmx\mxbeans\ClientBroadcastStreamMXBean.java","Source Code"
"server\src\main\server\webapps\root\demos\simpleRecorder.swf","Resources"
"src\main\java\org\red5\server\net\rtmps\RTMPSIoFilter.java","Source Code"
"server\src\main\server\webapps\root\biglogo.png","Resources"
"src\test\java\org\red5\server\api\ServiceUtilsTest.java","Tests"
"common\src\main\java\org\red5\server\api\statistics\IStatisticsBase.java","Source Code"
"src\test\java\org\red5\server\service\flv\FLVServiceImplTest.java","Tests"
"src\main\server\webapps\root\demos\xrayConnector_1.6.1.swf","Resources"
"common\src\main\java\org\red5\server\api\stream\IStreamListener.java","Source Code"
"src\main\java\org\red5\server\api\service\IBroadcastStreamService.java","Source Code"
"src\main\java\org\red5\server\messaging\IMessage.java","Source Code"
"server\src\main\java\org\red5\server\net\rtmpt\BaseRTMPTConnection.java","Source Code"
"src\main\java\org\red5\server\messaging\InMemoryPushPushPipe.java","Source Code"
"io\pom.xml","Configuration"
"common\src\main\java\org\red5\server\adapter\AbstractScopeAdapter.java","Source Code"
"src\main\server\webapps\root\demos\DevNotes_NetConnection.swf","Resources"
"server\src\main\resources\red5_codeformat_eclipse.xml","Resources"
"src\main\java\org\red5\server\api\so\ISharedObjectSecurity.java","Source Code"
"src\main\server\plugins\tomcatplugin-1.8.jar","Configuration"
"src\main\server\webapps\chat\WEB-INF\web.xml","Configuration"
"src\main\java\org\red5\server\api\statistics\support\StatisticsCounter.java","Source Code"
"io\src\main\java\org\red5\io\matroska\dtd\SimpleBlock.java","Source Code"
"src\main\java\org\red5\server\api\stream\ISubscriberStreamService.java","Source Code"
"src\main\java\org\red5\server\api\stream\support\DenyAllStreamAccess.java","Source Code"
"client\src\main\java\org\red5\client\net\rtmpt\RTMPTClientConnection.java","Source Code"
"client\src\test\resources\RTMP-C2.dat","Resources"
"src\main\server\conf\red5.xml","Configuration"
"src\main\server\red5-highperf.bat","Configuration"
"src\main\java\org\red5\server\api\service\ServiceUtils.java","Source Code"
"src\main\java\org\red5\server\api\scope\IScopeAware.java","Source Code"
"server\src\main\server\webapps\root\demos\DevNotes_NetConnection.swf","Resources"
"io\src\main\java\org\red5\codec\IStreamCodecInfo.java","Source Code"
"src\main\java\org\red5\server\stream\message\StatusMessage.java","Source Code"
"src\main\java\org\red5\server\net\rtmp\RTMPMinaConnection.java","Source Code"
"io\src\main\java\org\red5\io\flv\impl\FLV.java","Source Code"
"server\src\main\server\webapps\chat\textLayout_2.0.0.232.swz","Configuration"
"src\main\assembly\milestone.xml","Configuration"
"io\src\main\java\org\red5\compatibility\flex\messaging\messages\RPCMessage.java","Source Code"
"server\src\main\java\org\red5\server\scope\RoomScope.java","Source Code"
"io\src\main\java\org\red5\io\mp4\impl\MP4.java","Source Code"
"src\main\java\org\red5\server\api\event\IEvent.java","Source Code"
"src\main\java\org\red5\server\api\statistics\IPlaylistSubscriberStreamStatistics.java","Source Code"
"src\main\java\org\red5\server\api\stream\IPlayItem.java","Source Code"
"client\src\main\java\org\red5\client\test\PublisherConnectLoadTest.java","Tests"
"io\src\main\java\org\red5\io\object\StreamAction.java","Source Code"
"server\src\main\server\war\root-web.xml","Configuration"
"src\main\java\org\red5\server\api\IContext.java","Source Code"
"src\main\java\org\red5\server\net\filter\TrafficShapingFilter.java","Source Code"
"common\src\main\java\org\red5\server\api\IClient.java","Source Code"
"server\src\main\java\org\red5\server\service\flv\IFLVService.java","Source Code"
"common\src\main\java\org\red5\server\messaging\IConsumer.java","Source Code"
"io\src\main\resources\org\red5\io\object\black-list.properties","Resources"
"server\src\main\server\webapps\vod\WEB-INF\red5-web.properties","Configuration"
"common\src\main\java\org\red5\server\exception\ScopeNotFoundException.java","Source Code"
"server\src\main\java\org\red5\server\exception\ScopeHandlerNotFoundException.java","Source Code"
"common\src\main\java\org\red5\server\api\service\IServiceCapableConnection.java","Source Code"
"io\src\main\java\org\red5\io\matroska\ParserUtils.java","Source Code"
"server\src\main\server\webapps\vod\WEB-INF\red5-web.xml","Configuration"
"src\test\java\org\red5\server\service\flv\impl\FLVReaderTest.java","Tests"
"server\src\main\server\red5-debug.bat","Configuration"
"src\main\server\webapps\oflaDemo\WEB-INF\classes\main.py","Configuration"
"server\src\main\java\org\red5\server\net\rtmp\RTMPMinaIoHandler.java","Source Code"
"client\src\main\java\org\red5\client\net\rtmps\RTMPSClient.java","Source Code"
"server\src\main\server\red5.bat","Configuration"
"server\src\main\server\webapps\root\demos\xrayConnector_1.6.1.swf","Resources"
"src\main\java\org\red5\server\jmx\mxbeans\ApplicationMXBean.java","Source Code"
"src\main\server\webapps\oflaDemo\WEB-INF\classes\main.rb","Configuration"
"src\main\server\webapps\oflaDemo\streams\output.flv","Resources"
"src\main\server\plugins\tomcatplugin-1.6.jar","Configuration"
"src\main\java\org\red5\server\api\stream\ResourceNotFoundException.java","Source Code"
"src\main\java\org\red5\server\jmx\mxbeans\ShutdownMXBean.java","Source Code"
"src\main\server\plugins\tomcat-embed-jasper-7.0.50.jar","Configuration"
"common\src\main\java\org\red5\server\scope\Scope.java","Source Code"
"io\src\main\java\org\red5\compatibility\flex\messaging\messages\AcknowledgeMessageExt.java","Source Code"
"server\src\main\java\org\red5\server\stream\ProviderService.java","Source Code"
"server\src\main\java\org\red5\server\jmx\mxbeans\GlobalScopeMXBean.java","Source Code"
"common\src\main\java\org\red5\server\net\rtmp\event\FlexMessage.java","Source Code"
"common\src\main\java\org\red5\server\api\so\ISharedObjectListener.java","Source Code"
"src\main\java\org\red5\server\session\Session.java","Source Code"
"common\src\main\java\org\red5\server\Client.java","Source Code"
"common\src\main\java\org\red5\server\net\protocol\ProtocolException.java","Source Code"
"common\src\main\java\org\red5\server\api\listeners\ScopeListenerAdapter.java","Source Code"
"src\main\java\org\red5\server\net\rtmp\event\FlexMessage.java","Source Code"
"src\main\java\org\red5\server\net\rtmp\RTMPMinaTransport.java","Source Code"
"src\main\server\war\root-web.xml","Configuration"
"common\src\main\java\org\red5\server\adapter\MultiThreadedApplicationAdapter.java","Source Code"
"server\src\main\assembly\server.xml","Configuration"
"src\test\java\org\red5\server\api\TestConnection.java","Tests"
"src\main\java\org\red5\server\net\rtmp\IRTMPHandler.java","Source Code"
"src\main\java\org\red5\server\stream\PlayEngine.java","Source Code"
"common\src\main\java\org\red5\server\so\SharedObjectEvent.java","Source Code"
"server\src\main\server\webapps\root\demos\echo_test.html","Resources"
"client\src\main\java\org\red5\client\net\rtmpe\RTMPEClient.java","Source Code"
"src\main\server\red5.sh","Configuration"
"src\main\java\org\red5\server\so\ISharedObjectEvent.java","Source Code"
"src\main\java\org\red5\server\ClientRegistry.java","Source Code"
"io\src\main\java\org\red5\io\matroska\parser\SimpleMatroskaParser.java","Source Code"
"server\src\main\java\org\red5\net\websocket\server\DefaultServerEndpointConfigurator.java","Source Code"
"io\src\main\java\org\red5\cache\ICacheable.java","Source Code"
"io\src\main\java\org\red5\codec\VideoCodec.java","Source Code"
"src\main\java\org\red5\logging\LoggerContextFilter.java","Source Code"
"src\main\server\webapps\live\WEB-INF\web.xml","Configuration"
"src\test\resources\scripts\linux\readme.txt","Documentation"
"server\src\main\server\webapps\root\logo.png","Resources"
"common\src\main\java\org\red5\server\net\rtmp\event\Aggregate.java","Source Code"
"io\src\main\java\org\red5\annotations\DeclarePrivate.java","Source Code"
"src\test\java\org\red5\server\service\flv\impl\FLVServiceImplTest.java","Tests"
"src\main\server\plugins\websocket-1.1.jar","Configuration"
"io\README.md","Documentation"
"src\main\java\org\red5\server\api\stream\IStreamListener.java","Source Code"
"src\test\java\org\red5\server\stream\provider\FileProviderTest.java","Tests"
"server\src\main\java\org\red5\server\api\stream\support\DenyAllStreamAccess.java","Source Code"
"server\src\main\server\webapps\SOSample\META-INF\MANIFEST.MF","Configuration"
"src\main\java\org\red5\server\net\rtmp\event\AllocationDebugger.java","Source Code"
"src\main\server\webapps\root\favicon.png","Resources"
"src\main\java\org\red5\server\persistence\FilePersistence.java","Source Code"
"src\main\java\org\red5\server\net\rtmp\codec\IEventEncoder.java","Source Code"
"service\README.md","Documentation"
"common\src\main\java\org\red5\server\service\NotAllowedException.java","Source Code"
"src\main\java\org\red5\server\api\stream\IStreamFilenameGenerator.java","Source Code"
"io\src\main\java\org\red5\codec\IAudioStreamCodec.java","Source Code"
"src\main\java\org\red5\server\util\PropertyConverter.java","Source Code"
"server\src\main\java\org\red5\server\persistence\FilePersistence.java","Source Code"
"server\src\main\java\org\red5\logging\LoggerContextFilter.java","Source Code"
"src\main\server\conf\red5-core.xml","Configuration"
"server\src\main\java\org\red5\net\websocket\listener\IWebSocketDataListener.java","Source Code"
"server\src\main\server\webapps\oflaDemo\WEB-INF\web.xml","Configuration"
"io\src\main\java\org\red5\io\matroska\parser\TagCrawler.java","Source Code"
"server\src\main\server\webapps\live\WEB-INF\red5-web.properties","Configuration"
"src\main\server\webapps\oflaDemo\WEB-INF\classes\org\red5\demos\oflaDemo\SecurityTest.class","Configuration"
"io\src\main\java\org\red5\io\sctp\IAssociationControl.java","Source Code"
"src\main\java\org\red5\server\plugin\PluginLauncher.java","Source Code"
"server\src\main\server\webapps\chat\index.html","Resources"
"server\src\main\server\war\defaultContext.xml","Configuration"
"src\main\java\org\red5\server\net\rtmp\event\BytesRead.java","Source Code"
"common\src\main\java\org\red5\server\api\persistence\IPersistable.java","Source Code"
"server\src\main\server\webapps\root\WEB-INF\web.xml","Configuration"
"src\test\java\org\red5\server\service\EchoService.java","Tests"
"server\src\main\server\webapps\chat\spark_4.6.0.23201.swz","Configuration"
"server\src\main\java\org\red5\server\net\remoting\message\RemotingCall.java","Source Code"
"server\src\test\java\org\red5\server\net\rtmp\codec\TestRTMPProtocolDecoder.java","Tests"
"extras\audio\mp3\src\test\resources\p-err.mp3","Resources"
"src\main\java\org\red5\server\net\protocol\HandshakeFailedException.java","Source Code"
"README.md","Documentation"
"src\test\resources\fixtures\red5-selftest.swf","Resources"
"src\main\java\org\red5\server\stream\ConsumerService.java","Source Code"
"server\pom.xml","Configuration"
"src\main\java\org\red5\server\api\IMappingStrategy.java","Source Code"
"server\src\main\java\org\red5\server\net\rtmp\InboundHandshake.java","Source Code"
"src\main\java\org\red5\server\stream\provider\ConnectionProvider.java","Source Code"
"server\src\test\resources\org\red5\server\so\SharedObjectTest.xml","Resources"
"src\main\java\org\red5\server\scope\BasicScope.java","Source Code"
"server\src\main\server\webapps\root\demos\othello.swf","Resources"
"src\main\assembly\demos.xml","Configuration"
"server\src\main\resources\red5_codetemplate.xml","Resources"
"src\test\resources\fixtures\sample.m4a","Resources"
"io\src\test\java\org\red5\compatibility\flex\messaging\messages\MessageSerializationTest.java","Tests"
"common\src\main\java\org\red5\server\net\rtmp\event\AudioData.java","Source Code"
"io\src\main\java\org\red5\io\m4a\impl\M4AReader.java","Source Code"
"LICENSE","Documentation"
"server\src\main\server\webapps\chat\WEB-INF\classes\org\red5\demos\chat\Router$1.class","Configuration"
"server\src\main\server\webapps\chat\simpleSOChat.html","Resources"
"src\test\java\org\red5\server\service\mp4\MP4FrameTest.java","Tests"
"src\test\java\org\red5\server\net\rtmps\RTMPSClientTest.java","Tests"
"server\src\main\java\org\red5\server\net\remoting\codec\RemotingProtocolEncoder.java","Source Code"
"server\src\main\java\org\red5\server\tomcat\TomcatApplicationContext.java","Source Code"
"src\main\java\org\red5\server\api\Red5.java","Source Code"
"io\src\main\java\org\red5\io\flv\meta\IMetaCue.java","Source Code"
"src\main\java\org\red5\server\net\rtmpt\RTMPTServlet.java","Source Code"
"src\main\server\webapps\vod\index.html","Resources"
"src\main\java\org\red5\server\net\rtmp\RTMPConnection.java","Source Code"
"src\main\server\webapps\oflaDemo\WEB-INF\classes\org\red5\demos\oflaDemo\Application.class","Configuration"
"common\src\main\java\org\red5\server\messaging\IPipe.java","Source Code"
"src\main\server\webapps\chat\WEB-INF\lib\json-smart-2.0-RC3.jar","Configuration"
"io\src\main\java\org\red5\cache\impl\NoCacheImpl.java","Source Code"
"src\main\java\org\red5\server\net\rtmp\event\FlexStreamSend.java","Source Code"
"extras\audio\mp3\src\main\java\org\red5\server\service\mp3\impl\MP3Service.java","Source Code"
"src\main\server\webapps\SOSample\WEB-INF\red5-web.properties","Configuration"
"server\src\test\java\org\red5\server\so\SharedObjectTest.java","Tests"
"server\src\main\server\webapps\root\demos\videoConference_Flash7.swf","Resources"
"src\main\server\war\red5.properties","Configuration"
"server\src\main\server\webapps\root\demos\adminPanel.html","Resources"
"io\src\main\java\org\red5\io\sctp\packet\chunks\Chunk.java","Source Code"
"src\main\java\org\red5\server\stream\PlayBuffer.java","Source Code"
"common\src\main\java\org\red5\server\jmx\mxbeans\LoaderMXBean.java","Source Code"
"common\src\main\java\org\red5\server\net\IHandshake.java","Source Code"
"server\src\main\java\org\red5\server\api\remoting\IRemotingConnection.java","Source Code"
"server\README-TomcatPlugin.md","Documentation"
"io\src\main\java\org\red5\codec\SorensonVideo.java","Source Code"
"server\src\main\java\org\red5\server\service\ShutdownServer.java","Source Code"
"src\main\java\org\red5\server\stream\DefaultStreamFilenameGenerator.java","Source Code"
"src\main\java\org\red5\server\exception\ClientRejectedException.java","Source Code"
"io\src\main\java\org\red5\io\mp3\impl\MP3Reader.java","Source Code"
"server\src\main\server\conf\password.properties","Configuration"
"src\main\server\conf\red5.properties","Configuration"
"src\main\java\org\red5\server\service\MethodNotFoundException.java","Source Code"
"src\main\java\org\red5\server\api\service\IServiceCapableConnection.java","Source Code"
"io\src\main\java\org\red5\cache\impl\CacheableImpl.java","Source Code"
"src\main\java\org\red5\server\service\WarDeployer.java","Source Code"
"server\src\main\server\war\root-context.xml","Configuration"
"common\src\main\java\org\red5\server\api\event\IEvent.java","Source Code"
"server\src\main\java\org\red5\server\service\HandlerServiceResolver.java","Source Code"
"src\test\resources\logback-test.xml","Resources"
"server\src\main\server\red5-debug.sh","Configuration"
"server\src\main\server\webapps\vod\osmf_1.0.0.16316.swf","Resources"
"server\src\main\server\webapps\root\demos\videoConference.swf","Resources"
"src\main\java\org\slf4j\impl\StaticLoggerBinder.java","Source Code"
"common\src\main\java\org\red5\server\messaging\InMemoryPushPushPipe.java","Source Code"
"src\main\server\plugins\Readme.md","Documentation"
"io\src\main\java\org\red5\io\IoConstants.java","Source Code"
"common\src\main\java\org\red5\server\net\rtmp\Channel.java","Source Code"
"common\src\main\java\org\red5\server\stream\IConsumerService.java","Source Code"
"server\src\main\java\org\red5\server\api\websocket\IWebSocketAwareHandler.java","Source Code"
"src\main\java\org\red5\server\api\statistics\IClientBroadcastStreamStatistics.java","Source Code"
"src\main\server\plugins\tomcat-juli.jar","Configuration"
"io\src\main\java\org\red5\io\object\Deserializer.java","Source Code"
"client\src\main\java\org\red5\client\net\rtmpe\Writer.java","Source Code"
"io\src\main\java\org\red5\io\ITagReader.java","Source Code"
"common\src\main\java\org\red5\server\net\rtmp\event\Invoke.java","Source Code"
"src\main\java\org\red5\server\api\stream\IStreamCodecInfo.java","Source Code"
"common\src\main\java\org\red5\server\exception\ClientNotFoundException.java","Source Code"
"servlet\src\main\java\org\red5\server\api\remoting\IRemotingConnection.java","Source Code"
"common\src\main\java\org\red5\server\net\rtmp\message\ChunkHeader.java","Source Code"
"io\src\main\java\org\red5\io\sctp\packet\chunks\CookieAck.java","Source Code"
"extras\audio\mp3\src\main\java\org\red5\io\mp3\impl\MP3Stream.java","Source Code"
"src\main\server\webapps\root\demos\adminPanel.html","Resources"
"server\src\main\java\org\red5\server\war\WarLoaderServlet.java","Source Code"
"src\main\java\org\red5\server\api\statistics\ISharedObjectStatistics.java","Source Code"
"src\test\java\org\red5\server\service\IEchoService.java","Tests"
"client\src\test\resources\RTMP-S0S1S2-02.dat","Resources"
"src\main\server\war\red5-web.properties","Configuration"
"src\main\server\webapps\vod\textLayout_2.0.0.232.swf","Resources"
"src\main\java\org\red5\server\net\rtmp\event\IRTMPEvent.java","Source Code"
"io\src\main\java\org\red5\annotations\Anonymous.java","Source Code"
"src\main\java\org\red5\server\exception\ClientDetailsException.java","Source Code"
"common\src\main\java\org\red5\server\api\statistics\IPlaylistSubscriberStreamStatistics.java","Source Code"
"io\src\main\java\org\red5\codec\AV1Video.java","Source Code"
"io\src\test\resources\fixtures\stray.flv","Resources"
"server\src\main\java\org\red5\server\plugin\PluginDescriptor.java","Source Code"
"src\main\server\plugins\tomcatplugin-1.10.jar","Configuration"
"src\main\java\org\red5\server\net\rtmp\RTMPHandshake.java","Source Code"
".github\ISSUE_TEMPLATE.md","Documentation"
"src\main\java\org\red5\server\api\stream\OperationNotSupportedException.java","Source Code"
"src\main\server\webapps\oflaDemo\WEB-INF\classes\org\red5\demos\oflaDemo\DemoService.class","Configuration"
"src\main\java\org\red5\server\net\remoting\RemotingConnection.java","Source Code"
"server\src\main\server\conf\catalina.policy","Configuration"
"src\main\java\org\red5\server\api\stream\StreamState.java","Source Code"
"service\src\main\daemon\uninstall-service.bat","Configuration"
"servlet\src\main\java\org\red5\server\net\remoting\message\RemotingPacket.java","Source Code"
"src\test\java\org\red5\test\Foo.java","Tests"
"src\main\java\org\red5\server\stream\provider\FileProvider.java","Source Code"
"src\main\server\webapps\root\demos\videoConference.swf","Resources"
"server\src\test\java\org\red5\io\utils\ConversionUtilsTest.java","Tests"
"server\src\main\server\webapps\root\demos\xray.swf","Resources"
"src\main\server\webapps\root\demos\SimpleChat.html","Resources"
"src\main\java\org\red5\server\service\mp3\impl\MP3Service.java","Source Code"
"src\main\java\org\red5\server\stream\StreamService.java","Source Code"
"io\src\main\java\org\red5\io\IKeyFrameMetaCache.java","Source Code"
"client\src\test\java\org\red5\client\RemoteSOTest.java","Tests"
"server\src\main\java\org\red5\server\api\session\ISession.java","Source Code"
"server\src\main\server\war\context.xml","Configuration"
"common\src\main\java\org\red5\server\net\rtmp\event\IRTMPEvent.java","Source Code"
"src\main\java\org\red5\server\api\scope\IScope.java","Source Code"
"src\main\server\webapps\root\WEB-INF\red5-web.properties","Configuration"
"common\src\main\java\org\red5\server\stream\message\StatusMessage.java","Source Code"
"src\main\server\webapps\installer\playerProductInstall.swf","Resources"
"src\main\java\org\red5\server\Client.java","Source Code"
"src\test\java\org\red5\server\api\context.xml","Configuration"
"src\main\java\org\red5\server\api\service\ISubscriberStreamService.java","Source Code"
"io\src\main\java\org\red5\io\flv\meta\MetaService.java","Source Code"
"server\src\main\java\org\red5\server\service\m4a\impl\M4AService.java","Source Code"
"common\src\test\resources\bigpacket.dat","Resources"
"io\src\main\java\org\red5\io\sctp\SctpChannel.java","Source Code"
"src\main\java\org\red5\server\api\stream\IClientBroadcastStream.java","Source Code"
"common\src\main\java\org\red5\server\net\rtmp\IRTMPHandler.java","Source Code"
"io\src\main\java\org\red5\cache\ICacheStore.java","Source Code"
"io\src\main\java\org\red5\codec\OpusAudio.java","Source Code"
"server\src\main\java\org\red5\server\tomcat\rtmpt\RTMPTLoader.java","Source Code"
"servlet\src\main\java\org\red5\server\net\servlet\RedirectHTTPServlet.java","Source Code"
"src\main\java\org\red5\server\net\rtmp\codec\RTMP.java","Source Code"
"server\src\main\java\org\red5\server\plugin\PluginLauncher.java","Source Code"
"io\src\main\java\org\red5\codec\SpeexAudio.java","Source Code"
"src\main\java\org\red5\server\api\so\ISharedObjectService.java","Source Code"
"server\src\main\server\webapps\vod\WEB-INF\web.xml","Configuration"
"io\src\test\java\org\red5\io\utils\ConversionUtilsTest.java","Tests"
"common\src\main\java\org\red5\server\api\service\IServiceHandlerProviderAware.java","Source Code"
"src\main\java\org\red5\server\scope\Scope.java","Source Code"
"src\main\server\webapps\vod\WEB-INF\web.xml","Configuration"
"common\src\main\java\org\red5\server\exception\ScopeException.java","Source Code"
"src\main\java\org\red5\server\stream\StreamableFileFactory.java","Source Code"
"src\main\server\war\red5-core.xml","Configuration"
"src\main\server\webapps\root\demos\ofla_demo.html","Resources"
"src\main\server\plugins\tomcat-embed-logging-juli-7.0.50.jar","Configuration"
"common\src\main\java\org\red5\server\api\stream\IStream.java","Source Code"
"src\main\server\webapps\chat\WEB-INF\lib\chat-1.0.jar","Configuration"
"server\src\main\java\org\red5\server\stream\RtmpSampleAccess.java","Source Code"
"src\main\java\org\red5\server\api\event\IEventListener.java","Source Code"
"common\src\main\java\org\red5\server\api\stream\IStreamService.java","Source Code"
"common\src\main\java\org\red5\server\api\service\IBroadcastStreamService.java","Source Code"
"src\main\java\org\red5\server\stream\AudioCodecFactory.java","Source Code"
"server\src\main\server\webapps\root\demos\BallControl.html","Resources"
"src\main\server\conf\truststore.jmx","Configuration"
"src\main\java\org\red5\server\exception\ScopeNotFoundException.java","Source Code"
"io\src\test\java\org\red5\io\object\InputTest.java","Tests"
"io\src\main\java\org\red5\io\amf3\DataInput.java","Source Code"
"server\src\main\java\org\red5\net\websocket\server\DefaultWebSocketEndpoint.java","Source Code"
"io\src\test\resources\fixtures\h264_speex.flv","Resources"
"src\main\java\org\red5\server\api\so\IClientSharedObject.java","Source Code"
"client\src\main\resources\ehcache.xml","Resources"
"io\src\main\java\org\red5\io\BufferType.java","Source Code"
"common\src\main\java\org\red5\server\net\protocol\RTMPDecodeState.java","Source Code"
"io\src\main\java\org\red5\io\mp3\impl\MP3.java","Source Code"
"io\src\main\java\org\red5\io\mp3\IMP3.java","Source Code"
"server\src\main\server\webapps\chat\simpleSOChat.swf","Resources"
"src\main\server\war\logback.xml","Configuration"
"common\src\main\java\org\red5\server\messaging\PipeConnectionEvent.java","Source Code"
"server\src\main\server\conf\tomcat-users.xml","Configuration"
"src\main\server\war\defaultContext.xml","Configuration"
"src\main\server\plugins\tomcat-embed-logging-log4j.jar","Configuration"
"io\src\main\java\org\red5\io\sctp\packet\chunks\Init.java","Source Code"
"server\src\main\server\webapps\root\demos\assets\swfobject.js","Resources"
"src\main\java\org\red5\server\net\rtmp\event\SerializeUtils.java","Source Code"
"src\main\server\webapps\root\demos\publisher.swf","Resources"
"client\src\main\java\org\red5\client\net\rtmp\codec\RTMPClientProtocolDecoder.java","Source Code"
"io\src\main\java\org\red5\io\FileKeyFrameMetaCache.java","Source Code"
"src\main\java\org\red5\logging\LoggingContextSelector.java","Source Code"
"common\src\main\java\org\red5\server\so\ClientSharedObject.java","Source Code"
".vscode\settings.json","Resources"
"src\main\java\org\red5\server\adapter\MultiThreadedApplicationAdapter.java","Source Code"
"io\src\test\java\org\red5\io\mp3\impl\MP3ReaderTest.java","Tests"
"src\main\java\org\red5\server\api\stream\IBroadcastStream.java","Source Code"
"common\src\main\java\org\red5\server\scope\ScopeSecurityHandler.java","Source Code"
"server\src\main\server\conf\jee-container.xml","Configuration"
"src\main\java\org\red5\server\net\remoting\codec\RemotingCodecFactory.java","Source Code"
"common\src\main\java\org\red5\server\messaging\OOBControlMessage.java","Source Code"
"common\src\main\java\org\red5\server\service\Call.java","Source Code"
"src\main\java\org\red5\server\api\stream\IStreamSecurityService.java","Source Code"
"io\src\main\java\org\red5\codec\AbstractAudio.java","Source Code"
"client\src\main\java\org\red5\client\net\rtmp\RTMPClient.java","Source Code"
"src\main\java\org\red5\server\jmx\mxbeans\RTMPMinaTransportMXBean.java","Source Code"
"server\src\main\java\org\red5\server\service\ScopeServiceResolver.java","Source Code"
"src\main\java\org\red5\server\api\stream\support\DynamicPlayItem.java","Source Code"
"io\src\main\java\org\red5\compatibility\flex\data\messages\DataMessage.java","Source Code"
"io\src\main\java\org\red5\io\utils\BufferUtils.java","Source Code"
"src\main\java\org\red5\server\jmx\mxbeans\ConnectionMXBean.java","Source Code"
"common\src\main\java\org\red5\server\api\listeners\IConnectionListener.java","Source Code"
"src\main\server\webapps\root\demos\bwcheck.swf","Resources"
"src\main\server\plugins\tomcat-embed-logging-juli.jar","Configuration"
"common\src\main\java\org\red5\server\util\HttpConnectionUtil.java","Source Code"
"io\src\main\java\org\red5\io\sctp\SctpSocketOption.java","Source Code"
"src\main\server\plugins\tomcatplugin-1.12.jar","Configuration"
"src\test\resources\scripts\linux\flash-player","Resources"
"src\main\java\org\red5\server\net\remoting\message\RemotingPacket.java","Source Code"
"common\src\main\java\org\red5\server\api\scope\IScopeService.java","Source Code"
"client\src\main\java\org\red5\client\net\rtmpt\RTMPTClientConnector.java","Source Code"
"common\src\main\java\org\red5\server\stream\IProviderService.java","Source Code"
"server\src\main\server\conf\red5-core.xml","Configuration"
"src\test\java\org\red5\server\scheduling\QuartzSchedulingServiceTest.java","Tests"
"src\main\java\org\red5\server\so\ClientSharedObject.java","Source Code"
"common\src\main\java\org\red5\server\net\rtmpt\RTMPTHandler.java","Source Code"
"io\src\test\java\org\red5\io\TestJavaBean.java","Tests"
"client\src\main\java\org\red5\client\net\rtmps\RTMPTSClientConnector.java","Source Code"
"io\src\main\java\org\red5\io\utils\RandomGUID.java","Source Code"
"server\src\main\java\org\red5\server\MappingStrategy.java","Source Code"
"CONTRIBUTING.md","Documentation"
"src\main\server\webapps\SOSample\WEB-INF\web.xml","Configuration"
"src\main\java\org\red5\server\messaging\IPipeConnectionListener.java","Source Code"
"client\src\test\resources\RTMP-C0C1.dat","Resources"
"src\main\server\webapps\chat\WEB-INF\classes\org\red5\demos\chat\WebSocketChatDataListener.class","Configuration"
"src\main\java\org\red5\server\messaging\AbstractPipe.java","Source Code"
"common\src\main\java\org\red5\server\api\scope\IGlobalScope.java","Source Code"
"server\src\test\java\org\red5\server\service\MetaDataTest.java","Tests"
"src\test\java\org\red5\server\stream\PlaylistSubscriberStreamTest.java","Tests"
"common\src\main\java\org\red5\server\api\scheduling\IScheduledJob.java","Source Code"
"src\test\java\org\red5\server\service\ConversionUtilsTest.java","Tests"
"server\src\main\java\org\red5\server\net\remoting\RemotingConnection.java","Source Code"
"src\main\java\org\red5\server\api\stream\IPlaylist.java","Source Code"
"src\test\java\org\red5\server\so\SOApplication.java","Tests"
"io\src\test\resources\fixtures\sample.mp4","Resources"
"server\src\main\java\org\red5\server\exception\AccessDeniedException.java","Source Code"
"server\src\main\server\conf\context.xml","Configuration"
"src\main\java\org\red5\server\stream\StreamNotFoundException.java","Source Code"
"src\main\server\plugins\tomcatplugin-1.11.jar","Configuration"
"common\src\main\java\org\red5\server\stream\consumer\FileConsumer.java","Source Code"
"src\main\server\webapps\vod\WEB-INF\red5-web.properties","Configuration"
"src\main\java\org\red5\server\api\plugin\IRed5Plugin.java","Source Code"
"common\src\main\java\org\red5\server\messaging\IMessageComponent.java","Source Code"
"common\pom.xml","Configuration"
"server\src\main\server\war\red5-core.xml","Configuration"
"io\src\main\java\org\red5\io\amf3\IDataInput.java","Source Code"
"license.txt","Documentation"
"src\test\java\org\red5\server\api\BaseTest.java","Tests"
"src\main\server\webapps\root\demos\othello.swf","Resources"
"src\main\java\org\red5\server\so\SharedObjectEvent.java","Source Code"
"src\main\server\webapps\oflaDemo\WEB-INF\classes\org\red5\demos\oflaDemo\IDemoService.class","Configuration"
"common\src\main\java\org\red5\server\jmx\mxbeans\ScopeMXBean.java","Source Code"
"src\test\resources\fixtures\test.flv","Resources"
"io\src\main\java\org\red5\io\flv\impl\FLVWriter.java","Source Code"
"src\main\java\org\red5\server\api\scope\IGlobalScope.java","Source Code"
"io\src\main\java\org\red5\media\processor\IPreProcessor.java","Source Code"
"common\src\main\java\org\red5\server\api\IClientRegistry.java","Source Code"
"service\src\main\java\org\red5\daemon\EngineLauncher.java","Source Code"
"src\main\java\org\red5\server\api\event\IEventHandler.java","Source Code"
"common\src\main\java\org\red5\server\service\MethodNotFoundException.java","Source Code"
"src\main\server\webapps\chat\framework_4.6.0.23201.swz","Configuration"
"src\main\java\org\red5\logging\DerbyLogInterceptor.java","Source Code"
"common\src\main\java\org\red5\server\api\stream\consumer\IFileConsumer.java","Source Code"
"server\src\main\server\webapps\oflaDemo\WEB-INF\classes\main.js","Configuration"
"common\src\main\java\org\red5\server\api\stream\ResourceNotFoundException.java","Source Code"
"src\main\java\org\red5\server\scope\ScopeResolver.java","Source Code"
"common\src\main\java\org\red5\server\jmx\mxbeans\JDKSchedulingServiceMXBean.java","Source Code"
"server\src\main\java\org\red5\server\stream\ConsumerService.java","Source Code"
"server\src\main\server\webapps\root\demos\simpleBroadcaster.swf","Resources"
"common\src\main\java\org\red5\server\net\rtmp\codec\RTMPProtocolEncoder.java","Source Code"
"common\src\main\java\org\red5\logging\Red5LoggerFactory.java","Source Code"
"common\src\main\java\org\red5\server\net\rtmp\event\Ping.java","Source Code"