"package rename to io.objectbox","Perfective"
"move java tests to tests sub dir","Perfective"
"minor improvements to flatbuffers model, move java model classes with cp and sed","Perfective"
"fix imports for new model package","Perfective"
"more flexible BoxStoreBuilder.java and android Context support","Perfective"
"defaultStore in BoxStoreBuilder.java","Other"
"move defaultStore in BoxStore.java","Perfective"
"renamed some VS stuff to ObjectBox, removed .gitignore for tests","Perfective"
"load lib objectbox","Other"
"minor","Other"
"added property flag NON_PRIMITIVE_TYPE. added Properties class. give Cursors a Properties instance. verify entity is know before returning a box. prepared 2nd entity TestEntityMinimal.java for unit testing","Adaptive"
"sharedReadTx to make txs across boxes work. fix some test deps","Corrective"
"Box: some JavaDocs, shortcut for null or empty collections","Administrative"
"prep daocompat for upload","Adaptive"
"added find()s to Box","Adaptive"
"various, e.g. running bulk perf test from example app","Perfective"
"perf test: added fixed byte array with length 6","Adaptive"
"add version","Other"
"CursorBytesTest.java: Sizes must be multiple of 4 (currently not enforced)","Adaptive"
"fix some java tests: pad bytes to length 4","Perfective"
"moved objectbox-api to objectbox-java-api","Perfective"
"prepared Query&Builder on the Java side","Adaptive"
"fixes to build Query in Java","Perfective"
"added @Temporary to API","Adaptive"
"fixes to make Java Query work","Corrective"
"in and betwwen for Java QueryBuilder (FIXME DbException: invalid unordered_map<K, T> key). Java query builder: null/notNull && FP. Fix TestEntityProperties types and all properties field. - Also populate simpleLong property in Query test. Support additional query conditions. Do not validate values for null/notNull operations. Actually copy values for in op. Add Float support to PropertyCondition greater/less ops. - They support Double, so they should support Float as well. rename WhereCondition to QueryCondition","Corrective"
"fix tests using DummyProperties","Corrective"
"Add contains, starts/endsWith to Property class.","Adaptive"
"- Replacement for like() from greenDAO.","Perfective"
"prep some PropertyConverter stuff to happen in C++","Adaptive"
"fix","Corrective"
"Generate converter info into Property Java class (0.9.1-SNAPSHOT)","Adaptive"
"make Properties available to BoxStore, prep native registration","Perfective"
"fix JniPropertyConverter.javaClassName","Corrective"
"added testBigResultList","Adaptive"
"added idAssignable flag","Adaptive"
"Need to retain Entity annotation for ProGuard. #25 - With RetentionPolicy.SOURCE the annotation is already stripped by the compiler, before ProGuard gets a chance to transform the byte code. So set at least RetentionPolicy.CLASS.","Corrective"
"added refId to @Entity and @Property","Adaptive"
"add refId and id to model","Adaptive"
"added id and refId to ModelBuilder","Adaptive"
"ignore tests with size != modulo 4","Perfective"
"add indexId to model","Adaptive"
"fixes for model IDs","Corrective"
"add lastEntityId and lastIndexId to model","Adaptive"
"RetentionPolicy.CLASS for a couple more annotations","Adaptive"
"added lastPropertyId to model entity","Adaptive"
"added lastEntityId to model builder and ftl","Adaptive"
"generator fixes","Corrective"
"test adjustments for recent schema sync changes (ref IDs etc.)","Perfective"
"added OrderFlags","Adaptive"
"removed NULLS_FIRST order flag, CASE_SENSITIVE replaces IGNORE_CASE_ASCII","Perfective"
"added order to QueryBuilder.java","Adaptive"
"improved JavaDoc on queries","Administrative"
"use collect400000 and collect430000 to consume non-primitive values first","Adaptive"
"collect002033 for FP intensive entities, added Char type to generator","Adaptive"
"properties to begin with lower char in accordance to JPA2","Perfective"
"createMinMaxVisitor with type trades to compile with VS, connected new query aggregates to java, remove too but still throws","Corrective"
"Query.java: fix remove()","Perfective"
"add testFindKeysUnordered","Adaptive"
"Port stringOrderCollation to QueryBuilder. - Though change signature to accept only new StringOrder constant instead of any SQLite collate string. Support setParameter in daocompat, properly rebuild query. - Support setParameter and undeprecate it. - The ObjectBox query is now (re)built when creating a new query or resetting it (for a new thread). QueryBuilder now only records desired conditions and orders. Previously would simply re-use the same ObjectBox query object built by QueryBuilder, which would obviously not be re-set to initial values. JNI/Java: setParameter for FP, between for FP Support double values for setParameter. - Also throw on unsupported parameter types. Support double values for BETWEEN op. - Add test. add :tests:test-proguard","Adaptive"
"make Query.setParameter return Query to make Query chainable","Perfective"
"0.9.3","Other"
"JNI for new Store and Tx methods (renewal etc.)","Adaptive"
"fix TransactionPerfTest","Corrective"
"preped Cursor.renew(tx) in Java","Adaptive"
"test for Cursor.renew(tx) in Java","Adaptive"
"recycle and renew box reader instead of sharing to avoid readers to hold on to their data","Perfective"
"added CrashReportLogger from Java side","Corrective"
"Update flatbuffers to 03ee3db2408e477137c83195e0e18c26f9d2ab25","Perfective"
"add native lib unpack logic for linux","Adaptive"
"embedd flatbuffers as source to fix dependency issue","Corrective"
"minor","Other"
"check for android native lib","Perfective"
"rename PropertyType_Reference to PropertyType_Reference","Perfective"
"0.9.6-SNAPSHOT, VS updates, @Relation","Perfective"
"typo","Other"
"added DbDetachedException.java","Adaptive"
"setting some years to 2017","Other"
"fix setting boxStore, to-one relations now work!","Corrective"
"some fixes for relation","Corrective"
"prepared getBacklinkEntities to resolve to-many relations","Corrective"
"fixes to make to-many relations work","Corrective"
"added Box.attach for entities not originating from DB","Adaptive"
"add Cursor.boxStoreForEntities etc.","Adaptive"
"ToOne: Sketching a replacement for length generation of to-one getters","Perfective"
"make Property.id public final","Perfective"
"prepare ToOne to be used in generated to-one getters etc.","Adaptive"
"various improvements to ToOne","Perfective"
"fixes to make ToOne work","Corrective"
"Copied entity annotation test to java-test","Perfective"
"0.9.7-SNAPSHOT","Other"
"rename to findIdsUnordered","Perfective"
"added some putTestEntity methods to AbstractObjectBoxTest, rename to TestEntity_.java","Adaptive"
"renaming refID to uid on Java side","Perfective"
"more renaming refId to uid on C++ side","Perfective"
"some more renaming refID to uid on Java side","Perfective"
"add LazyListTest to FunctionalTestSuite.java","Adaptive"
"move QueryTest.java","Perfective"
"use IdUid for in model for last*Ids, more UID checks, e.g. check incoming vs existing UIDs","Adaptive"
"add missing IdUid.java","Perfective"
"switched IdUid to struct","Perfective"
"adjust Java part to IdUid model changes","Perfective"
"added indexUid to FlatProperty&Property, CURRENT_META_VERSION = 2, MODEL_VERSION = 2, extended Schema-Entity-Flat-Roundtrip to check property/index IDs&UIDs","Adaptive"
"Query: support for boolean and Date types","Adaptive"
"set versions to 0.9.7-2017-02-09","Perfective"
"using io.objectbox:objectbox-generator:0.9.7-RC, fixing generated stuff","Perfective"
"added ObjectClassListener on Java side","Adaptive"
"added BoxStore.removeObjectClassListener()","Adaptive"
"moved ModelUpdate, and ModelModifier away","Perfective"
"changed listeners to Multiset","Perfective"
"some docs for async transactions","Administrative"
"added close&finalize to Query","Adaptive"
"'Observer'name more en vogue these days...","Other"
"rename addObjectClassObserver to subscribe etc.","Perfective"
"added QueryObserver.java","Adaptive"
"General observers","Other"
"Transformer test","Adaptive"
"Scheduler test","Adaptive"
"remove obsolete ObjectClassObserver.java and Subscription (android)","Perfective"
"Data prefix for Observer, Publisher, and Subscription classes","Adaptive"
"SubscriptionBuilder: renamed subscribe() to observer(), JavaDocs; tests for ErrorObserver","Perfective"
"added basic JavaDocs for BoxStore, Box, SubscriptionBuilder","Administrative"
"Make ObjectClassPublisher.java use one thread for observer notifications","Perfective"
"updated javadoc for subscribing observers (threading)","Administrative"
"use generic Observer for Query","Adaptive"
"archived: Query observer with Transformer (not weak!)","Perfective"
"Revert 'archived: Query observer with Transformer (not weak!)' This reverts commit a52e340acdbb0759da50d071733e418945e008a4.","Other"
"Query uses SubscriptionBuilder via QueryPublisher","Adaptive"
"testTranformer for Query","Adaptive"
"call onError also for Observer exceptions","Corrective"
"JavaDoc updates for Observer exceptions","Administrative"
"Added JavaDoc to Query","Administrative"
"renamed to DataTransformer.java","Perfective"
"added JavaDoc","Administrative"
"introduced DelegatingObserver to unwrap observers during removal, fixes a observer leak with wrapped observers","Corrective"
"use DataPublisherUtils.removeObserverFromCopyOnWriteSet in QueryPublisher.java, too","Adaptive"
"fixing weak observers","Corrective"
"test tweek: allocating 16 MB chunks is faster than 64 & 128 (~0,3s instead of ~1s) and a bit faster than 8 and 32","Perfective"
"improved state checks for Query","Perfective"
"AndroidScheduler.java: static method instead of field","Perfective"
"JavaDoc","Administrative"
"some notes on weak references and stale query observers","Administrative"
"javaDocs","Administrative"
"javadoc","Administrative"
"added testRunInReadTxAndThenPut (failing)","Adaptive"
"fix relation test for android","Corrective"
"added MultithreadedRelationTest.java","Adaptive"
"JniBasicsTest to identify ReferenceTable leak","Corrective"
"misc","Other"
"Query.forEach (FIXME: make public after runInReadTx is fixed)","Corrective"
"tx is null despite check in constructor in some tests (called by finalizer): Null check avoids NPE in finalizer and seems to stabilize Android instrumentation perf tests.","Corrective"
"Cursor calls nativeDestroy now also when tx is closed","Perfective"
"make testTxGC() run finalizers to clean up dangling TXs to avoid them surving the store closing","Perfective"
"Transaction.java: WARN_FINALIZER debug flag to see finalizers in action","Corrective"
"AbstractObjectBoxTest.java: run finalizers to clean up before store closing","Perfective"
"debug finalizer warning for Cursor","Corrective"
"clean read-only cursor from box after read-only TX completes","Perfective"
"make Query.forEach public","Perfective"
"make handle package visible to avoid accessor creation","Perfective"
"V0.9.9","Other"
"api annotation changes for 0.9.10","Perfective"
"Query: remove private from native methods because they are typically accessed in an anonymous class, which requires the compiler to generate an access method","Perfective"
"remove getProperties call from QueryBuilder.java - does not seem to have an effect, but creates&releases a reader","Perfective"
"custom toString for Cursor.java and Transaction.java","Adaptive"
"Java: keep thread local reader after TX was committed, debugTransactions flag","Corrective"
"added IndexReaderRenewTest.java to verify today's changes","Adaptive"
"added IndexReaderRenewTest to FunctionalTestSuite.java","Adaptive"
"closeThreadResources() to free any cached resources tied to the calling thread (e.g. readers)","Adaptive"
"added ObjectBoxThreadPool.java to release thread local resources, etc","Adaptive"
"better error message for getBacklinkEntities (closes GitHub issue #41)","Corrective"
"Java version: 0.9.10-2017-04-13","Other"
"ToOne: remove SOURCE generics, add optional targetId property, added ToOneTest.java","Adaptive"
"added AbstractRelationTest, used now by ToOneTest","Adaptive"
"Use IdSetter instead of dummy Cursor","Perfective"
"Use IdGetter instead of dummy Cursor","Perfective"
"de-activate Customer.java and Order.java in test","Perfective"
"updates to generated test classes","Perfective"
"sketching CursorFactory","Adaptive"
"test fixes","Corrective"
"fixed a couple of warnings","Corrective"
"started to use JSR-305 annotations","Adaptive"
"more JSR-305 annotations","Adaptive"
"updated flatbuffers to 340d1a3447cf821924aaaeefa5e6aef0fcdbf0c0","Perfective"
"multiple refactorings: Cursor creation via factory, added RelationInfo, extended Properties class to be single source for entity info","Perfective"
"renamed Properties to EntityInfo","Perfective"
"refactoring: RelationInfo.java used EntityInfo","Perfective"
"ToOne fixes: isResolved(), cached target/id after put","Corrective"
"ToOne: flag to avoid calls to {@link #getTargetId()}, which may involve expensive reflection","Other"
"updated cursor gen","Perfective"
"shorter @Generated (no more "hash = ")","Perfective"
"removed @JoinEntity which does not make sense for ObjectBox","Perfective"
"JavaDoc covering special @Uid values","Administrative"
"@NameInDb replaces attribute in @Property and @Entity","Perfective"
"minor docs, todos, v","Administrative"
"fix testCloseThreadResources by using getReader()","Corrective"
"Move loadLibrary into NativeLibraryLoader to make BoxStore mockable","Perfective"
"minor, added javadocs","Administrative"
"added EntityInfo.getEntityId()","Adaptive"
"first compilable ToMany","Adaptive"
"improved ToMany.checkGetEntities()","Perfective"
"use ToMany in tests","Adaptive"
"started ToMany.add methods, experimental ListFactory.java","Adaptive"
"lazy ListFactory init","Adaptive"
"ToMany puts added target entities","Adaptive"
"ensure order of added entities to ToMany","Perfective"
"internalRequiresPutTarget determines entities to put (avoids getting cursors if not required)","Perfective"
"remove with remove from DB","Perfective"
"ToMany.removeFromTargetBox flag","Adaptive"
"ToMany: add() removes entities from remove tracking, tests for remove","Adaptive"
"ToMany.syncToTargetBox()","Adaptive"
"JavaDoc","Administrative"
"JavaDocs","Administrative"
"added @Backlink","Adaptive"
"for non-Android OS, prefer System.load over System.loadLibrary","Perfective"
"throw to test sth in Jenkins","Corrective"
"temp code to debug Jenkins","Corrective"
"revert debug code","Corrective"
"added flags for entity meta data","Adaptive"
"prep Java test for non-arg constructor usage","Adaptive"
"add NonArgConstructorTest to suite","Adaptive"
"add NonArgConstructorTest to suite (Gradle)","Adaptive"
"API: @Entity(useNoArgConstructor=...)","Other"
"minor JavaDoc","Administrative"
"start of objectbox-kotlin","Administrative"
"move kotlin extentions into kotlin sub package","Perfective"
"make ToOne and ToMany serializable","Perfective"
"shutdown thread pool when closing BoxStore","Perfective"
"minor: suppress warning","Corrective"
"dump thread stacks if pool does not terminate promptly","Corrective"
"testCloseBulk to check on Linux","Adaptive"
"testCloseBulk to check on Linux, now with 2 TXs","Perfective"
"removed testCloseBulk again; no flaws discovered","Perfective"
"allow setting max readers C++ & JNI","Perfective"
"simplify test","Perfective"
"javadocs for BoxStoreBuilder","Administrative"
"minor","Other"
"BoxStoreBuilder.maxReaders, DbMaxReadersExceededException.java","Corrective"
"fix: DbMaxReadersExceededException needs error code constructor","Corrective"
"Jenkinsfile: enable extensive-tests for Java tests","Adaptive"
"property: added virtual flag and virtualTarget","Adaptive"
"minor improvements for ToOne","Perfective"
"ModelBuilder: allow passing virtualTarget","Adaptive"
"temp debug log for setResolvedTarget","Corrective"
"debugRelations flag","Corrective"
"prevent two BoxStores from being opened for the same directory","Corrective"
"better to explicitly close store before building new one","Perfective"
"added Box.get(Iterable) and .getMap(Iterable)","Adaptive"
"updated CHANGELOG.md, typo","Administrative"
"add Box.get(long[] ids)","Adaptive"
"Replaced some greenrobot references with ObjectBox","Perfective"
"testCallInTxAsync_Error","Adaptive"
"testRunInTx_PutAfterRemoveAll","Adaptive"
"inValues method alias for Kotlin","Adaptive"
"model support for Relation","Adaptive"
"prep RelationInfo for relationId","Adaptive"
"some prep ToMany.java for standalone relations","Adaptive"
"some more prep for ToMany.java for standalone relations","Adaptive"
"prep standalone relation modifications","Adaptive"
"prep standalone relation loading","Adaptive"
"ModelBuilder.java: add relations","Adaptive"
"relation fixes","Corrective"
"fix EntityBuilder.relation model building","Corrective"
"adjustments to getting relations (Java)","Perfective"
"ToMany.java: Do not use Iterator with remove because not all List Types support it (e.g. CopyOnWriteArrayList)","Other"
"added stand alone relation tests","Adaptive"
"API_ added @TargetIdProperty, deprecated old annotations","Adaptive"
"testToOneBulk and testToManyBulk","Adaptive"
"some renames","Perfective"
"added ToManyGetter","Adaptive"
"use To[Many|One]Getters in RelationInfo.java","Adaptive"
"make ToManyGetter return List","Perfective"
"added store.callInReadTx()","Adaptive"
"Query: eager relations","Adaptive"
"JavaDocs for QueryBuilder.eager(...)","Administrative"
"change RelationInfo signature","Perfective"
"BreakForEach for Query.forEach()","Adaptive"
"added query filtering","Adaptive"
"add javadoc-style","Administrative"
"add .gitignore","Administrative"
"add gradle files","Administrative"
"add gradle files for tests","Adaptive"
"for linux64, add native dependency","Adaptive"
"fix version for native dependency","Corrective"
"fix","Corrective"
"fix copyright headers","Perfective"
"Java V1.0.0-2017-09-02","Other"
"added LICENSE.txt","Administrative"
"first README.txt","Administrative"
"V1.0.0","Other"
"added GitHub issue template","Adaptive"
"1.0.1-SNAPSHOT","Other"
"improved github issue template","Perfective"
"BoxStore.java: V1.0.1-2017-09-10","Other"
"dropAllData() is not implemented on native side; remove public for now","Perfective"
"V1.0.1","Other"
"adding logo to README.md","Administrative"
"Jenkinsfile: adding upstreamProjects","Adaptive"
"1.0.2-SNAPSHOT","Other"
"Jenkinsfile: adding upstrea threshold","Adaptive"
"Jenkinsfile: oops, variable sneaked in","Other"
"add data browser methods to BoxStore.java","Adaptive"
"added hasA and hasAll to ToMany","Adaptive"
"startObjectBrowser() trying port range","Adaptive"
"NPE fix","Corrective"
"1.1.0-RC","Other"
"1.1.0","Other"
"update README.md for 1.1.0","Administrative"
"1.2.0-SNAPSHOT","Other"
"ToMany: added indexOfId() and getById()","Adaptive"
"added ToMany.removeById()","Adaptive"
"added testBuildTwice","Adaptive"
"extracted getAndroidFilesDir","Perfective"
"getAndroidFilesDir: workaround for race condition in Android before 4.4","Corrective"
"getAndroidFilesDir: fail fast if dir does not exist, etc.","Corrective"
"1.2.0-RC","Other"
"Put 1.2.0-RC in README.md","Administrative"
"Added PropertyFlags.INDEX_HASH","Adaptive"
"Cursor: remove property name based find methods","Perfective"
"Box: remove find methods except with Property param, adjust tests","Perfective"
"using flatbuffers-java:1.7.2 from maven repo, removing embedded sources","Perfective"
"Help people with floating point equality","Other"
"DataSubscriptionList: add clears canceled state","Adaptive"
"java docs","Administrative"
"deprecated Cursor.lookupKeyUsingIndex","Perfective"
"Gradle: Drop FunctionalTestSuite, instead add main source set to tests.","Perfective"
"Drop unused Android Gradle plugin dependency.","Perfective"
"QueryTest: expand testBuildTwice to call other builder methods.","Perfective"
"added observer method with DataSubscriptionList param","Adaptive"
"Revert 'Gradle: Drop FunctionalTestSuite, instead add main source set to tests.' This reverts commit 38e8214","Other"
"minor","Other"
"Gradle 4.3","Other"
"1.2.0","Other"
"1.2.0 last minute change: passing DataSubscriptionList","Perfective"
"1.2.0 last minute change: updating BoxStore version","Perfective"
"Update README.md to 1.2.0","Administrative"
"1.3.0-SNAPSHOT","Other"
"1.2.1-SNAPSHOT","Other"
"kotlin_version = '1.1.51'","Other"
"pass canonical instead of absolute path","Perfective"
"BoxStore.getVersion(): '1.2.1-2017-11-09'","Adaptive"
"move OrderFlags into query package","Perfective"
"Add generated DebugFlags","Adaptive"
"LOG_TRANSACTIONS_READ and LOG_TRANSACTIONS_WRITE","Adaptive"
"use new debug flags","Adaptive"
"fix return type of nativeSetDebugFlags","Perfective"
"1.2.1","Other"
"only apply debugFlags if != 0","Corrective"
"fix previous commit","Corrective"
"Update README.md to 1.2.1","Administrative"
"1.3.0-SNAPSHOT (again)","Other"
"1.2.2-beta, kotlin_version = '1.1.60'","Other"
"1.3.0-SNAPSHOT (again)","Other"
"Setting BoxStore version to 1.2.2-2017-11-17","Perfective"
"increased default max db size to 1 GB DEFAULT_MAX_DB_SIZE_KBYTE","Perfective"
"Jenkinsfile: dedicated init stage, archive hs_err_pid files if any","Perfective"
"Jenkinsfile: trigger every 20 minutes at night (0:00 - 6:00)","Perfective"
"+x gradlew","Other"
"Jenkinsfile: LD_PRELOAD=$ASAN_LIB_SO","Adaptive"
"make Transaction.closed flag volatile because finalizer thread may interfere with 'one thread, one TX' rule","Perfective"
"build.gradle: enable test logging","Adaptive"
"added test-with-asan.sh","Adaptive"
"added test-with-asan.sh: allow arguments to be forwarded to gradle","Adaptive"
"Jenkinsfile: use test-with-asan.sh","Adaptive"
"set BoxStore version to 1.2.2-2017-11-21","Perfective"
"1.2.2-RC","Other"
"Jenkinsfile: disable testing with asan for now","Perfective"
"Jenkinsfile: disable test collection temporarily","Perfective"
"back to 1.3.0-SNAPSHOT","Perfective"
"reworked deleteAllFiles: fail fast, throw NPE for null param, safer concurrency","Corrective"
"added JavaDocs","Administrative"
"added link to BoxStore.diagnose() for DbMaxReadersExceededException","Adaptive"
"new static deleteAllFiles methods","Adaptive"
"tests for deleteAllFiles","Adaptive"
"enable tests again","Perfective"
"test-with-asan.sh: use Gradle daemon on Jenkins","Adaptive"
"Cursor & Transaction: always log error if not closed","Corrective"
"Transaction finalizer should only complain about non-active transactions","Perfective"
"enableCreationStackTracking() for tests","Adaptive"
"test fixes for transaction not cleaned up","Corrective"
"Ignore testTxGC: Tests robustness in invalid usage scenarios with lots of errors raised and resources leaked. Only run this test manually from time to time, but spare regular test runs from those errors.","Corrective"
"By default only complain about write cursors not being closed","Perfective"
"kotlin_version = '1.1.61'","Other"
"1.3.0","Other"
"1.3.0-SNAPSHOT","Other"
"enforce Cursor.renew() to be tied to the same TX","Perfective"
"BoxStore version 1.3.0-2017-11-27","Other"
"JavaDocs for Transaction.reset","Administrative"
"remove tx param from Cursor.nativeRenew","Perfective"
"fix TX leak in testCommitReadTxException()","Corrective"
"1.3.0","Other"
"1.3.1-SNAPSHOT","Other"
"added DbShutdownException","Adaptive"
"Query and QueryBuilder do not use static native methods anymore","Perfective"
"1.3.1","Other"
"BoxStore 1.3.1-2017-11-29","Other"
"README.md: 1.3.1","Administrative"
"1.3.2-SNAPSHOT","Other"
"added callInReadTxWithRetry","Adaptive"
"experimental query retry configuration","Adaptive"
"1.3.2 for README.md","Administrative"
"JavaDocs, minor","Administrative"
"1.3.3-SNAPSHOT","Other"
"renamed to queryAttempts, etc.","Perfective"
"JavaDocs","Administrative"
"minor","Other"
"1.3.3","Other"
"added DebugFlags.LOG_QUERY_PARAMETERS","Adaptive"
"1.3.4-SNAPSHOT","Other"
"Add @BaseEntity annotation for entity super classes.","Adaptive"
"1.4.0-SNAPSHOT","Other"
"Merge branch 'dev' into entity-inheritance","Other"
"README.md: 1.3.3","Administrative"
"Merge branch 'master' into dev","Other"
"added test for Date query","Adaptive"
"Added ToOne.equals and .hashCode","Adaptive"
"1.3.4","Other"
"README.md: 1.3.4","Administrative"
"1.4.0-SNAPSHOT","Other"
"kotlin_version = '1.2.0'","Other"
"BoxStore version 1.3.5-2017-12-08","Other"
"Query: first version of finding strings","Adaptive"
"added testFindStrings_wrongPropertyType","Adaptive"
"introduced 'upload-to-repo' stage for dev & master branch, etc.","Adaptive"
"Jenkinsfile: archive FindBugs report","Perfective"
"testing what happens if Jenkins does not use a Gradle daemon","Adaptive"
"Merge branch 'dev' into entity-inheritance","Other"
"BoxStore version "1.4.0-2017-12-10"","Other"
"JavaDocs for findStrings* methods","Administrative"
"remove @Generated from test entity","Perfective"
"offload property query methods into new class PropertyQuery","Perfective"
"fix test compilation","Corrective"
"PropertyQuery: single findStrings() method with config methods distinct() etc.","Adaptive"
"PropertyQuery: JavaDocs, check string type","Administrative"
"added missing copyright headers","Administrative"
"findLongs()","Adaptive"
"findInts() and findBytes()","Adaptive"
"Merge branch 'entity-inheritance' into dev","Other"
"BoxStore version 1.4.0-2017-12-18","Other"
"add QueryPropertiesTest to FunctionalTestSuite","Adaptive"
"Jenkinsfile: restrict nightly cron to 1:00 - 5:00","Perfective"
"PropertyQuery: added findShorts, findChars, findFloats, findDoubles","Adaptive"
"added Query.cursorHandle()","Adaptive"
"rename to PropertyQueryTest","Perfective"
"Merge pull request #325 from ligi/syntax_highlight Highlight java and groovy(gradle) code","Other"
"Merge branch 'property-find-tests' into dev","Other"
"JavaDocs for PropertyQuery.property(...)","Administrative"
"Merge branches 'dev' and 'master' of github.com:objectbox/objectbox-java","Other"
"README.md: 1.4.0","Administrative"
"minor RelationInfo Javadoc","Administrative"
"README.md: 1.4.1","Administrative"
"README.md: 1.4.3","Administrative"
"README.md: mention supported platforms, improve "first steps" section","Administrative"
"README.md: minor","Administrative"
"README.md: 1.4.4","Administrative"
"JavaDocs for initialDbFile","Administrative"
"README.md: 1.4.5","Administrative"
"README: 1.5.0","Administrative"
"Revert: version = '1.5.1-to-many-backlink-SNAPSHOT'","Other"
"Merge branch 'to-many-backlink' into dev","Other"
"Revert: version = '1.5.1-to-many-backlink-update-SNAPSHOT'","Other"
"Merge branch 'to-many-backlink-update' into dev","Other"
"adjust setting query param to also use entity ID","Perfective"
"remove obsolete annotations","Perfective"
"fix nullability and other warnings","Corrective"
"README.md: 2.0.0-beta2","Administrative"
"Merge branch 'to-one-detached' into dev","Other"
"Don't use '>' in JavaDoc","Administrative"
"README.md: 2.2.0","Administrative"
"libname changed to objectbox-jni","Perfective"
"README.md: updated a few links","Administrative"
"Revert 'Do not send null certificatePath or credentialsBytes to JNI (broken).' This reverts commit fee5a1f2","Other"
"fix: getRelationBacklinkEntities() must also use source entity","Corrective"
"Merge branch 'dev' into sync","Other"
"Update JavaDoc footers for 2020","Administrative"
"Gradle: turn off daemon for Windows build, clean up.","Perfective"
"README.md: add twitter and JavaDocs links","Administrative"
"Clean up buildscript ext.","Perfective"
"Clean up and update RxJava 3 tests, match internal integration tests.","Perfective"
"Replace java with java-library plugin.","Perfective"
"Switch to new dependency configurations.","Perfective"
"Add fileMode docs.","Administrative"
"README: fix outdated docs link.","Administrative"
"README.md: 2.7.0","Administrative"
"JavaDocs sync package: add https://objectbox.io/sync/ link","Administrative"
"Javadoc: generate into docs directory (was reporting dir).","Administrative"
"Javadoc: add overview.","Administrative"
"JavaDocs overview: add some relevant links","Administrative"
"README.md: typos","Administrative"
"Javadoc: improve for observer.","Administrative"
"Javadoc: add for internal ActionObserver.","Administrative"
"Update README.md","Administrative"
"README.md: minor edits","Administrative"
"Update README.md","Administrative"
"Added Table of Contents to README","Administrative"
"README: easy copy and paste of version.","Administrative"
"README: move toc above first headline.","Administrative"
"Update README","Administrative"
"README: add note about licenses of other components.","Administrative"
"Javadoc: hide FlatBuffers docs (have errors anyway).","Administrative"
"Update README.md Giving it a fresh look for better SEO","Administrative"
"Merge branch 'fix-load-native-lib-for-static-methods' into 'dev' Regression: ensure native library is loaded in static methods See merge request objectbox/objectbox-java!131","Other"
"Merge branch 'max-data-size-stable' into 'dev' maxDataSize is stable See merge request objectbox/objectbox-java!130","Other"
"Merge branch '194-in-memory' into 'dev' Resolve "Add test for in-memory" See merge request objectbox/objectbox-java!127","Other"
"BoxStoreBuilder: extract directory state checks.","Perfective"
"Merge branch '196-query-build-fail-fatal' into 'dev' Guard any Store pointer access with open check See merge request objectbox/objectbox-java!128","Other"
"InternalAccess: remove unused APIs.","Perfective"
"Merge branch 'main' into dev","Other"
"Merge branch 'ci-fix-asan-detection' into 'dev' Fix run with ASAN script See merge request objectbox/objectbox-java!123","Other"
"Merge branch 'kotlin-1.4-compat' into 'dev' Make objectbox-kotlin compilable by Kotlin 1.4 See merge request objectbox/objectbox-java!126","Other"
"Follow-up: fix script error due to Gradle 8 regression.","Corrective"
"README: clarify supported platforms of the Java library, clean up.","Administrative"
"Merge branch '190-config-package' into 'dev' Create config package for FlatBuffers-generated config types #190 See merge request objectbox/objectbox-java!125","Other"
"Merge branch '186-kv-validation-support' into 'dev' Add Key/Value validation options and tests See merge request objectbox/objectbox-java!124","Other"
"Tests: move validation tests to new class.","Perfective"
"Merge branch 'update-flatbuffers' into dev","Other"
"Merge branch 'ci-test-jdk-11' into 'dev' [CI] Gradle 8 follow-up: fix toolchain auto-download See merge request objectbox/objectbox-java!122","Other"
"Gradle: rename settings.gradle for KTS.","Perfective"
"Gradle: convert settings.gradle to KTS.","Perfective"
"Gradle 8: add plugin to resolve toolchain.","Corrective"
"Copyright: update license year to 2023.","Adminitrative"
"Merge branch '176-support-scalar-arrays' into 'dev' Java library: Support scalar arrays See merge request objectbox/objectbox-java!118","Other"
"CursorTest: assert put with invalid ID error message.","Corrective"
"Add docs to SchemaException, other docs changes, match with Dart.","Administrative"
"Unchecked warnings: fix type params for ToOneGetter/ToManyGetter (#59)","Corrective"
"javadoc and code formatting.","Administrative"
"Add maxDataSizeInKbyte to FlatStoreOptions, add TreeOptionFlags","Adaptive"
"Also reapply: 'Update SyncFlags: rename to DebugLogIdMapping","Perfective"
"add ClientKeepDataOnSyncError'","Adaptive"
"Update SyncFlags: rename to DebugLogIdMapping","Perfective"
"add ClientKeepDataOnSyncError","Adaptive"
"Update README.md","Administrative"
"Extract publishing configuration to precompiled script plugin.","Perfective"
"FlatBuffers update: add docs for update script.","Administrative"
"FlatBuffers update: add license file.","Administrative"
"Query tests: close query, resolve all warnings.","Corrective"
"BoxStore: assert native Entity instances are not leaked (objectbox#825)","Corrective"
"Feature: resolve warnings.","Corrective"
"Query: throw helpful error if using closed query (objectbox#818)","Corrective"
"QueryBuilder: fix assert when closed, throw on and/or (objectbox#818)","Corrective"
"Query: throw helpful error if using closed query (objectbox#818)","Corrective"
"BoxStore: move subscribe methods together.","Perfective"
"API docs: update copyright year to 2022.","Administrative"
"database description in README plus a couple of other small edits","Administrative"
"Add feedback link to README.md, small updates.","Administrative"
"Update year in API docs footer.","Administrative"
"Add FlexObjectConverter.","Adaptive"
"Add containsKeyValue query condition and setParameters overload.","Adaptive"
"Resolve warning: Instead of toString() use this.","Corrective"
"Add BoxStore.awaitCallInTx suspend function.","Adaptive"
"Add link to docs about sideloading and lib loading issues.","Administrative"
"Merge branch '113-string-condition-case-updates' into dev","Other"
"BoxStoreTest: resolve warnings.","Corrective"
"Add generic FlexMapConverter.","Adaptive"
"Tree: extend JavaDocs","Administrative"
"BoxStore: update version string to 2021-08-18","Perfective"
"minor doc fixes","Administrative"
"Tree: add pathSeparatorRegex property","Adaptive"
"Branch path changes (make path string more prominent)","Perfective"
"JavaDocs","Administrative"
"TreeTest: rename root() to getRoot()","Perfective"
"add getRootId(), implement Closeable","Adaptive"
"add JavaDocs","Administrative"
"Add and use native feature detection API.","Adaptive"
"Add StringMapConverter using FlexBuffers, test it.","Adaptive"
"Add @Type annotation and DatabaseType enum.","Adaptive"
"BoxStoreBuilder: add noReaderThreadLocals flag","Adaptive"
"Update docs on Index and StringOrder.","Administrative"
"BoxStore: add Linux-only sysProcMeminfoKb() and sysProcStatusKb()","Adaptive"
"Prepare release 2.9.2-RC3","Perfective"
"Prepare release 2.9.2-RC2","Perfective"
"Publisher order: refactor duplicate code.","Perfective"
"Update subscriber and transformer documentation.","Administrative"
"Query API 2: rename conditions to match old names.","Perfective"
"Kotlin: add flow extension functions for BoxStore and Query.","Adaptive"
"Reorganize extension functions (keep package name).","Perfective"
"Move Kotlin tests next to Java tests.","Perfective"
"Query API 2: update between docs.","Administrative"
"Document how to use case sensitive conditions for String properties.","Administrative"
"Add infix extension functions for Property condition methods.","Adaptive"
"Add some tests for the new query API.","Adaptive"
"Add SyncFlags","Adaptive"
"Tree: add getter for the store","Adaptive"
"Tree API: resolve some warnings.","Corrective"
"Tree: add setters for Leaf values and add put() for Leaf","Adaptive"
"switch test project to Java 9 to enable printing the process ID","Perfective"
"Tree API: add overload to pass dot path.","Adaptive"
"Trees: implement Branch.branch()/leaf() overloads.","Adaptive"
"Trees: move to tree package.","Perfective"
"Conflict: only support REPLACE strategy for now","Corrective"
"update docs.","Administrative"
"QueryTest: resolve all warnings.","Corrective"
"Add SHARED_GLOBAL_IDS entity flag","Adaptive"
"update ModelProperty docs","Administrative"
"Model: add hash","Adaptive"
"Add Sync annotation.","Adaptive"
"Align APIs: replace manualStart() with buildAndStart().","Perfective"
"Docs: upper-case ObjectBox names, update and expand some.","Administrative"
"QueryBuilder: remove Experimental annotation.","Perfective"
"Remove unused Temporary annotation, duplicated by Experimental.","Perfective"
"QueryObserverTest: refactor to use common TestObserver.","Perfective"
"add ExceptionTest","Adaptive"
"BoxStoreBuilder: switch file mode to int","Perfective"
"clarify some docs","Administrative"
"change versions to 2.7.0 (release)","Perfective"
"update Box.validate() docs (sync with core docs)","Administrative"
"move buildFlatStoreOptions() into BoxStoreBuilder; seems a better fit ("build") and makes BoxStore shorter","Perfective"
"update FlatStoreOptions and use reversed skipReadSchema semantics","Perfective"
"Box: add contains()","Adaptive"
"BoxStore: add sizeOnDisk()","Adaptive"
"Comment about forceDefaults for FlatStoreOptions.","Administrative"
"FileCorruptException: add docs and constructor with error code","Administrative"
"Add more docs to new store create, read-only, validate methods.","Administrative"
"minor updates to classes generated by FlatBuffers","Perfective"
"Merge branch '58-embed-r8-rules' into 'dev' Embed R8/ProGuard rules in JAR. See merge request objectbox/objectbox-java!68","Other"
"Move Rx3 Kotlin extensions to Rx3 module.","Perfective"
"Add migration notes to READMEs. - Fix examples. - Do not link to unrelated example, it's confusing.","Administrative"
"Merge remote-tracking branch 'origin/57-null-to-empty-string-converter' into dev","Other"
"Drop default for @DefaultValue value.","Perfective"
"Add type parameters in ToMany.","Adaptive"
"Add type parameters in remaining internal usage.","Adaptive"
"Add type parameters for all TxCallback<T> usage.","Adaptive"
"Add type parameters for all Class<T> usage in BoxStore and ObjectClassPublisher.","Adaptive"
"Add type parameters for all Box<T> usage.","Adaptive"
"Add type parameters for all EntityInfo<T> usage.","Adaptive"
"ToMany: drop outdated @Nullable annotation.","Perfective"
"Fix dangling Javadoc comments, also fixes Javadoc not getting picked up.","Administrative"
"Merge branch 'java-8' into 'dev' Require Java 8 and produce Java 8 byte code See merge request objectbox/objectbox-java!58","Other"
"Add ConnectivityMonitor API.","Adaptive"
"PropertyFlags: update internal docs for UNSIGNED usage.","Administrative"
"Merge branch '48-sync-state-api' into 'sync' Expose sync state JNI API See merge request objectbox/objectbox-java!48","Other"
"Fix illegal javadoc characters.","Administrative"
"sync API: add docs and @Experimental/@Internal annotations","Administrative"
"Merge branch '30-jni-query-describe' into dev","Other"
"PropertyQuery: improve docs, e.g. clarify special return values","Administrative"
"TestEntity: add unsigned properties (short, int and long).","Adaptive"
"README.md: add 'tell about your app'","Administrative"
"Merge branch '31-property-query-test-edge-cases' into 'dev' Add edge-case tests for property queries Closes #31 See merge request objectbox/objectbox-java!39","Other"
"Part 1: Version 2.4.1, update README (still native snapshots for tests).","Administrative"
"Update docs for some important annotations.","Administrative"
"Add package docs.","Administrative"
"Javadoc: handle horizontal overflow of descriptions, tables, code. - Also replace all colors used in newer JDK versions.","Administrative"
"Javadoc: remove leading space from title.","Administrative"
"Follow-up: javadoc stylesheet file unused. Follow-up to: 59a1819a update JavaDoc style; do a search and replace on stylesheet colors","Administrative"
"QueryBuilder: resolve warnings.","Corrective"
"Query: add missing type parameters","Adaptive"
"fix docs","Administrative"
"resolve warnings.","Corrective"
"Merge branch 'plugin-21-id-drop-not-null' into 'dev' MyObjectBox: drop PropertyFlags.NOT_NULL for ID properties. See merge request objectbox/objectbox-java!28","Other"
"ToOne docs: typo in class description, polish while at it.","Administrative"
"ToOne: add missing nullable annotation to resolve warnings.","Corrective"
"SyncServer: clean-up and document.","Administrative"
"SyncClient: clean-up and document.","Administrative"
"Untangle and simplify sync credentials classes.","Perfective"
"Update listener documentation.","Administrative"
"Sync+Builder: expand and simplify documentation.","Administrative"
"testWriteTxBlocksOtherWriteTx() just failed in CI; double/quadruple waitTime","Corrective"
"Property: minor java docs improvements","Administrative"
"Jenkins: replace deprecated archive with archiveArtifacts.","Perfective"
"add AbstractSyncClientListener","Adaptive"
"improve and update build.gradle files, e.g.","Perfective"
"add buildscript.ext.objectboxNativeDependency","Adaptive"
"switch Cursor.getRelationTargetCursor() to use nativeGetCursorFor() and secondary Cursors; this should be more lightweight and allows secondary cursors to be re-used from the main Cursor","Perfective"
"add sync server peers","Adaptive"
"add Box.putBatched()","Adaptive"
"added getRelationIds() and related methods","Adaptive"
"Sync client: minor docs and ","Administrative"
"annotation clean up","Perfective"
"SyncServerBuilder: add manualStart() and changesListener()","Adaptive"
"BoxStore: add isObjectBrowserRunning()","Adaptive"
"SyncServer: add isRunning() and getPort();","Adaptive"
"New sync entry points: Sync.client() and Sync.server()","Adaptive"
"SyncClient: create native object in constructor with login info","Adaptive"
"expose start() and stop(), rename disconnect() to close()","Perfective"
"sync client: rename nativeSetLogin() to nativeSetLoginInfo()","Perfective"
"make testIsSyncAvailable() ignore flag values","Perfective"
"SyncServer: add getStatsString()","Adaptive"
"rename to SyncCredentialsToken and related refactoring","Perfective"
"SyncClientImpl: native methods not static anymore, rename to nativeSetLogin","Perfective"
"SyncClientImpl: minor thread safety improvement with listeners","Perfective"
"Add new SyncClientListener.onLogin callback, wait on it with timeout.","Adaptive"
"Merge branch '4-ci-builds-without-mavenlocal-dependencies' into dev","Other"
"Jenkins: move publish branch to variable.","Perfective"
"Revert 'Do not send null certificatePath or credentialsBytes to JNI (broken).' This reverts commit fee5a1f2","Other"
"Add SyncClientListener, add set/remove methods on SyncClient.","Adaptive"
"throw LinkageError instead of RuntimeException to wrap UnsatisfiedLinkError","Corrective"
"Add simple SyncClient implementation.","Adaptive"
"SyncCredentials: add none, use int type IDs from Core","Adaptive"
"add docs.","Administrative"
"Remove unused Cursor/Box based find methods. Also remove unused tests (this is now tested with queries).","Perfective"
"update JavaDoc style; do a search and replace on stylesheet colors","Administrative"
"Merge branch '12-relinker' into 'dev' Android: use ReLinker to load native library See merge request objectbox/objectbox-java!11","Other"
"Builder: store context.getApplicationContext to prevent leaks.","Corrective"
"Update TestEntity classes to match latest generated code.","Perfective"
"Drop unused SimpleEntityInfo.","Perfective"
"Merge branch '10-drop-box-extensions' into 'dev' Drop Kotlin extensions for Box methods, should always use Long. See merge request objectbox/objectbox-java!9","Other"
"Box: drop unused import.","Perfective"
"comment out Box/Cursor based find methods","Administrative"
"Revert 'PropertyFlags: added unique on-conflict flags' This reverts commit bd2dd93","Other"
"Merge remote-tracking branch 'origin/asan-clang6.0.0' into dev","Other"
"Revert 'ob_version = '2.2.0-property-virtual-SNAPSHOT'' This reverts commit 89cc6a5","Other"
"ToOne: suggest fix in DbDetachedException message. https://github.com/objectbox/objectbox-java/issues/516 https://github.com/objectbox/objectbox-java/issues/412","Corrective"
"rxjava README: fix dependency config.","Administrative"
"Removed deprecated aggregate methods from Query","Perfective"
"increase version date, comment get version methods","Administrative"
"updated docs for @Index.maxValueLength","Administrative"
"Setting BoxStore version to 2.0.0-2018-07-16","Perfective"
"Move non-PropertyQuery tests to QueryTest","Perfective"
"create abstract query test.","Adaptive"
"QueryCondition: fix nullability and other warnings","Corrective"
"ModelBuilder: fix nullability and other warnings","Corrective"
"IndexType JavaDocs","Administrative"
"objectbox-rxjava: Add README.","Administrative"
"Jenkinsfile: add QueryObserverTest rx test","Adaptive"
"Move objectbox-rxjava into this repository.","Perfective"
"more generics in EntityInfo","Perfective"
"make Property usage in QueryBuilder type safe","Perfective"
"add SOURCE type param to RelationInfo","Adaptive"
"Update README.md to 2.0.0-beta","Administrative"
"nativeLink now receives relationOwnerEntityId instead of sourceEntityId","Perfective"
"add query parameter aliases","Adaptive"
"add sourceEntityId param to nativeLink()","Adaptive"
"Updated generated classes to FlatBuffers 1.9","Perfective"
"Update docs about possibility and limitations of to-many backlink.","Administrative"
"Revert 'README.md: 1.4.5' (broken, better stay with 1.4.4) This reverts commit deddf5c","Other"
"added secondaryName to PropertyBuilder","Adaptive"
"remove CrashReportLogger","Perfective"
"fixed warnings in BoxStore","Corrective"
"Merge branch 'easy-deploy' into dev","Other"
"Downgrade to Gradle 4.4.1 because of Dokka bug","Corrective"
"ToMany: minor improvements for removed entities with ID 0, etc.","Perfective"
"test: minor clean ups","Perfective"
"Cursor: nullability annotations, suppressed some warnings","Corrective"
"make internalCheckApplyToDbRequired safer against null pointer","Corrective"
"fix some JavaDocs","Administrative"
"DbExceptionListener javadocs","Administrative"
"added DbExceptionListener","Adaptive"
"moved aggregate functions from Query to PropertyQuery","Perfective"
"PropertyQuery.unique flag instead of findFirst/Unique methods","Perfective"
"added find string methods and reset() to PropertyQuery","Adaptive"